;Title;MAL Id;Type;Number of Episodes;Episode Duration;Studios;Source Type;Genres;Themes;Rating;Popularity;Score;Demographic;Year
0;Fullmetal Alchemist: Brotherhood;5114;TV;64;24 min. per ep.;Bones;Manga;Action,Adventure,Comedy,Drama,Fantasy;N\A; R - 17+ (violence & profanity)  ;3;9.15;Shounen;2009
1;Shingeki no Kyojin: The Final Season Part 2;48583;TV;12;23 min. per ep.;MAPPA;Manga;Action,Drama,Fantasy,Mystery;Military,Super Power; R - 17+ (violence & profanity)  ;220;9.15;Shounen;2022
2;"Steins;Gate";9253;TV;24;24 min. per ep.;White Fox;Visual;Drama,Sci-Fi,Suspense;N\A; PG-13 - Teens 13 or older  ;13;9.09;N\A;2011
3;Gintama°;28977;TV;51;24 min. per ep.;Bandai Namco Pictures;Manga;Action,Comedy,Sci-Fi;Historical,Parody,Samurai; PG-13 - Teens 13 or older  ;335;9.09;Shounen;2015
4;Shingeki no Kyojin Season 3 Part 2;38524;TV;10;23 min. per ep.;Wit Studio;Manga;Action,Drama,Fantasy,Mystery;Military,Super Power; R - 17+ (violence & profanity)  ;32;9.08;Shounen;2019
5;Fruits Basket: The Final;42938;TV;13;23 min. per ep.;TMS Entertainment;Manga;Drama,Romance,Slice of Life,Supernatural;N\A; PG-13 - Teens 13 or older  ;626;9.06;Shoujo;2021
6;Gintama';9969;TV;51;24 min. per ep.;Sunrise;Manga;Action,Comedy,Sci-Fi;Historical,Parody,Samurai; PG-13 - Teens 13 or older  ;380;9.06;Shounen;2011
7;Gintama: The Final;39486;Movie;1;1 hr. 44 min.;Bandai Namco Pictures;Manga;Action,Comedy,Drama,Sci-Fi;Historical,Parody,Samurai; PG-13 - Teens 13 or older  ;1798;9.05;Shounen;2021
8;Hunter x Hunter (2011);11061;TV;148;23 min. per ep.;Madhouse;Manga;Action,Adventure,Fantasy;N\A; PG-13 - Teens 13 or older  ;10;9.05;Shounen;2011
9;Gintama': Enchousen;15417;TV;13;24 min. per ep.;Sunrise;Manga;Action,Comedy,Sci-Fi;Historical,Parody,Samurai; PG-13 - Teens 13 or older  ;683;9.04;Shounen;2012
10;Ginga Eiyuu Densetsu;820;OVA;110;26 min. per ep.;K-Factory,Kitty Film Mitaka Studio;Novel;Drama,Sci-Fi;Military,Space; R - 17+ (violence & profanity)  ;682;9.03;N\A;1988
11;Gintama.;34096;TV;12;24 min. per ep.;Bandai Namco Pictures;Manga;Action,Comedy,Sci-Fi;Historical,Parody,Samurai; PG-13 - Teens 13 or older  ;729;8.99;Shounen;2017
12;3-gatsu no Lion 2nd Season;35180;TV;22;25 min. per ep.;Shaft;Manga;Drama,Slice of Life;N\A; PG-13 - Teens 13 or older  ;526;8.96;Seinen;2017
13;Koe no Katachi;28851;Movie;1;2 hr. 10 min.;Kyoto Animation;Manga;N\A;N\A; PG-13 - Teens 13 or older  ;20;8.96;Shounen;2016
14;Violet Evergarden Movie;37987;Movie;1;2 hr. 20 min.;Kyoto Animation;Light;Drama,Fantasy,Slice of Life;N\A; PG-13 - Teens 13 or older  ;443;8.96;N\A;2020
15;Clannad: After Story;4181;TV;24;24 min. per ep.;Kyoto Animation;Visual;Comedy,Drama,Romance,Slice of Life,Supernatural;N\A; PG-13 - Teens 13 or older  ;101;8.95;N\A;2008
16;Gintama;918;TV;201;24 min. per ep.;Sunrise;Manga;Action,Comedy,Sci-Fi;Historical,Parody,Samurai; PG-13 - Teens 13 or older  ;124;8.95;Shounen;2006
17;Gintama Movie 2: Kanketsu-hen - Yorozuya yo Eien Nare;15335;Movie;1;1 hr. 50 min.;Sunrise;Manga;Action,Comedy,Sci-Fi;Historical,Parody,Samurai; PG-13 - Teens 13 or older  ;927;8.93;Shounen;2013
18;Code Geass: Hangyaku no Lelouch R2;2904;TV;25;24 min. per ep.;Sunrise;Original;Action,Drama,Sci-Fi;Mecha,Military,Super Power; R - 17+ (violence & profanity)  ;46;8.91;N\A;2008
19;Kimetsu no Yaiba: Yuukaku-hen;47778;TV;11;23 min. per ep.;ufotable;Manga;Action,Supernatural;Demons,Historical; R - 17+ (violence & profanity)  ;221;8.91;Shounen;2021
20;Owarimonogatari 2nd Season;35247;TV;7;22 min. per ep.;Shaft;Light;Comedy,Mystery,Supernatural;N\A; R - 17+ (violence & profanity)  ;530;8.91;N\A;2017
21;Gintama.: Shirogane no Tamashii-hen - Kouhan-sen;37491;TV;14;24 min. per ep.;Bandai Namco Pictures;Manga;Action,Comedy,Sci-Fi;Historical,Parody,Samurai; PG-13 - Teens 13 or older  ;1194;8.89;Shounen;2018
22;Kimi no Na wa.;32281;Movie;1;1 hr. 46 min.;CoMix Wave Films;Original;Drama,Romance,Supernatural;N\A; PG-13 - Teens 13 or older  ;11;8.88;N\A;2016
23;Shingeki no Kyojin: The Final Season;40028;TV;16;23 min. per ep.;MAPPA;Manga;Action,Drama,Fantasy,Mystery;Military,Super Power; R - 17+ (violence & profanity)  ;57;8.88;Shounen;2020
24;Shiguang Dailiren;44074;ONA;11;23 min. per ep.;Studio LAN;Original;Drama,Supernatural;N\A; PG-13 - Teens 13 or older  ;1200;8.83;N\A;2021
25;Monster;19;TV;74;24 min. per ep.;Madhouse;Manga;Drama,Mystery,Suspense;N\A; R+ - Mild Nudity  ;156;8.82;Seinen;2004
26;Gintama.: Shirogane no Tamashii-hen;36838;TV;12;24 min. per ep.;Bandai Namco Pictures;Manga;Action,Comedy,Sci-Fi;Historical,Parody,Samurai; PG-13 - Teens 13 or older  ;1089;8.82;Shounen;2018
27;Kizumonogatari III: Reiketsu-hen;31758;Movie;1;1 hr. 23 min.;Shaft;Light;Action,Mystery,Supernatural;N\A; R - 17+ (violence & profanity)  ;453;8.81;N\A;2017
28;Mob Psycho 100 II;37510;TV;13;24 min. per ep.;Bones;Web;Action,Comedy,Slice of Life,Supernatural;N\A; PG-13 - Teens 13 or older  ;87;8.81;N\A;2019
29;Ousama Ranking;40834;TV;23;23 min. per ep.;Wit Studio;Web;Adventure,Fantasy;N\A; PG-13 - Teens 13 or older  ;659;8.81;N\A;2021
30;Haikyuu!!: Karasuno Koukou vs. Shiratorizawa Gakuen Koukou;32935;TV;10;24 min. per ep.;Production I.G;Manga;Comedy,Drama,Sports;N\A; PG-13 - Teens 13 or older  ;111;8.80;Shounen;2016
31;Sen to Chihiro no Kamikakushi;199;Movie;1;2 hr. 4 min.;Studio Ghibli;Original;Adventure,Award Winning,Drama,Supernatural;N\A; PG - Children  ;43;8.79;N\A;2001
32;Monogatari Series: Second Season;17074;TV;26;25 min. per ep.;Shaft;Light;Comedy,Mystery,Romance,Supernatural;N\A; R - 17+ (violence & profanity)  ;267;8.78;N\A;2013
33;Mushoku Tensei: Isekai Ittara Honki Dasu Part 2;45576;TV;12;23 min. per ep.;Studio Bind;Light;Drama,Fantasy,Ecchi;N\A; R - 17+ (violence & profanity)  ;336;8.77;N\A;2021
34;Odd Taxi;46102;TV;13;23 min. per ep.;OLM,P.I.C.S.;Original;N\A;N\A; PG-13 - Teens 13 or older  ;855;8.77;N\A;2021
35;Kingdom 3rd Season;40682;TV;26;25 min. per ep.;Pierrot Plus,Studio Signpost;Manga;N\A;Historical,Military; R - 17+ (violence & profanity)  ;2311;8.77;Seinen;2020
36;Cowboy Bebop;1;TV;26;24 min. per ep.;Sunrise;Original;Action,Adventure,Comedy,Drama,Sci-Fi;N\A; R - 17+ (violence & profanity)  ;42;8.76;N\A;1998
37;Shouwa Genroku Rakugo Shinjuu: Sukeroku Futatabi-hen;33095;TV;12;24 min. per ep.;Studio Deen;Manga;N\A;N\A; PG-13 - Teens 13 or older  ;1128;8.75;Josei;2017
38;Mushishi Zoku Shou 2nd Season;24701;TV;10;23 min. per ep.;Artland;Manga;Adventure,Fantasy,Mystery,Slice of Life,Supernatural;N\A; PG-13 - Teens 13 or older  ;811;8.74;Seinen;2014
39;Hajime no Ippo;263;TV;75;23 min. per ep.;Madhouse;Manga;Comedy,Drama,Sports;N\A; PG-13 - Teens 13 or older  ;367;8.74;Shounen;2000
40;Fate/stay night Movie: Heaven's Feel - III. Spring Song;33050;Movie;1;2 hr. 2 min.;ufotable;Visual;Action,Fantasy,Supernatural;N\A; R - 17+ (violence & profanity)  ;743;8.73;N\A;2020
41;Vinland Saga;37521;TV;24;24 min. per ep.;Wit Studio;Manga;Action,Adventure,Drama;N\A; R - 17+ (violence & profanity)  ;105;8.73;Seinen;2019
42;Mo Dao Zu Shi: Wanjie Pian;40434;ONA;12;24 min. per ep.;B.CMAY PICTURES;Web;Action,Drama,Supernatural;Demons,Historical; R - 17+ (violence & profanity)  ;2651;8.71;N\A;2021
43;Mushishi Zoku Shou;21939;TV;10;24 min. per ep.;Artland;Manga;Adventure,Fantasy,Mystery,Slice of Life,Supernatural;N\A; PG-13 - Teens 13 or older  ;711;8.71;Seinen;2014
44;Rurouni Kenshin: Meiji Kenkaku Romantan - Tsuioku-hen;44;OVA;4;30 min. per ep.;Studio Deen;Manga;Action,Drama,Romance;Historical,Martial Arts,Samurai; R - 17+ (violence & profanity)  ;746;8.71;Shounen;1999
45;Jujutsu Kaisen (TV);40748;TV;24;23 min. per ep.;MAPPA;Manga;Action,Supernatural;Demons,School; R - 17+ (violence & profanity)  ;38;8.71;Shounen;2020
46;Ashita no Joe 2;2921;TV;47;24 min. per ep.;Tokyo Movie Shinsha;Manga;Action,Drama,Slice of Life,Sports;N\A; PG-13 - Teens 13 or older  ;2924;8.70;Shounen;1980
47;Code Geass: Hangyaku no Lelouch;1575;TV;25;24 min. per ep.;Sunrise;Original;Action,Drama,Sci-Fi;Mecha,Military,School,Super Power; R - 17+ (violence & profanity)  ;17;8.70;N\A;2006
48;Kimetsu no Yaiba Movie: Mugen Ressha-hen;40456;Movie;1;1 hr. 56 min.;ufotable;Manga;N\A;Demons,Historical; R - 17+ (violence & profanity)  ;120;8.70;Shounen;2020
49;Great Teacher Onizuka;245;TV;43;25 min. per ep.;Studio Pierrot;Manga;Comedy,Drama;N\A; R - 17+ (violence & profanity)  ;208;8.69;Shounen;1999
50;Made in Abyss;34599;TV;13;25 min. per ep.;Kinema Citrus;Web;Adventure,Drama,Fantasy,Mystery,Sci-Fi;N\A; R - 17+ (violence & profanity)  ;95;8.69;N\A;2017
51;Made in Abyss Movie 3: Fukaki Tamashii no Reimei;36862;Movie;1;1 hr. 45 min.;Kinema Citrus;Web;Adventure,Drama,Fantasy,Mystery,Sci-Fi;N\A; R - 17+ (violence & profanity)  ;591;8.69;N\A;2020
52;Mononoke Hime;164;Movie;1;2 hr. 13 min.;Studio Ghibli;Original;Action,Adventure,Fantasy;N\A; PG-13 - Teens 13 or older  ;100;8.68;N\A;1997
53;Mushishi;457;TV;26;25 min. per ep.;Artland;Manga;Adventure,Fantasy,Mystery,Slice of Life,Supernatural;N\A; PG-13 - Teens 13 or older  ;194;8.67;Seinen;2005
54;Shigatsu wa Kimi no Uso;23273;TV;22;22 min. per ep.;A-1 Pictures;Manga;Drama,Romance;Music,School; PG-13 - Teens 13 or older  ;21;8.67;Shounen;2014
55;Violet Evergarden;33352;TV;13;24 min. per ep.;Kyoto Animation;Light;Drama,Fantasy,Slice of Life;N\A; PG-13 - Teens 13 or older  ;51;8.66;N\A;2018
56;Evangelion: 3.0+1.0 Thrice Upon a Time;3786;Movie;1;2 hr. 35 min.;Khara;Original;Action,Drama,Sci-Fi;Mecha,Psychological; PG-13 - Teens 13 or older  ;688;8.66;N\A;2021
57;Haikyuu!! Second Season;28891;TV;25;24 min. per ep.;Production I.G;Manga;Comedy,Drama,Sports;N\A; PG-13 - Teens 13 or older  ;83;8.66;Shounen;2015
58;Hajime no Ippo: New Challenger;5258;TV;26;23 min. per ep.;Madhouse;Manga;Comedy,Drama,Sports;N\A; PG-13 - Teens 13 or older  ;797;8.66;Shounen;2009
59;Howl no Ugoku Shiro;431;Movie;1;1 hr. 59 min.;Studio Ghibli;Novel;Adventure,Drama,Fantasy,Romance;N\A; G - All Ages  ;97;8.66;N\A;2004
60;Kaguya-sama wa Kokurasetai?: Tensai-tachi no Renai Zunousen;40591;TV;12;24 min. per ep.;A-1 Pictures;Manga;Comedy,Romance;Psychological,School; PG-13 - Teens 13 or older  ;116;8.66;Seinen;2020
61;Natsume Yuujinchou Shi;11665;TV;13;24 min. per ep.;Brain's Base;Manga;Drama,Slice of Life,Supernatural;N\A; PG-13 - Teens 13 or older  ;861;8.65;Shoujo;2012
62;Tengen Toppa Gurren Lagann;2001;TV;27;24 min. per ep.;Gainax;Original;Action,Adventure,Comedy,Sci-Fi;N\A; PG-13 - Teens 13 or older  ;56;8.64;N\A;2007
63;Natsume Yuujinchou Roku;34591;TV;11;23 min. per ep.;Shuka;Manga;Drama,Slice of Life,Supernatural;N\A; PG-13 - Teens 13 or older  ;1168;8.63;Shoujo;2017
64;Seishun Buta Yarou wa Yumemiru Shoujo no Yume wo Minai;38329;Movie;1;1 hr. 30 min.;CloverWorks;Light;Drama,Romance,Supernatural;N\A; PG-13 - Teens 13 or older  ;303;8.63;N\A;2019
65;Death Note;1535;TV;37;23 min. per ep.;Madhouse;Manga;Mystery,Supernatural,Suspense;Police,Psychological; R - 17+ (violence & profanity)  ;2;8.63;Shounen;2006
66;One Piece;21;TV;Unknown;24 min.;Toei Animation;Manga;Action,Adventure,Comedy,Drama,Fantasy;N\A; PG-13 - Teens 13 or older  ;26;8.62;Shounen;1999
67;Ping Pong the Animation;22135;TV;11;23 min. per ep.;Tatsunoko Production;Manga;Drama,Sports;N\A; PG-13 - Teens 13 or older  ;539;8.62;Seinen;2014
68;Shingeki no Kyojin Season 3;35760;TV;12;23 min. per ep.;Wit Studio;Manga;Action,Drama,Fantasy,Mystery;Military,Super Power; R - 17+ (violence & profanity)  ;24;8.62;Shounen;2018
69;Suzumiya Haruhi no Shoushitsu;7311;Movie;1;2 hr. 41 min.;Kyoto Animation;Light;Mystery,Romance,Sci-Fi,Supernatural;N\A; PG-13 - Teens 13 or older  ;305;8.62;N\A;2010
70;Mushishi Zoku Shou: Suzu no Shizuku;28957;Movie;1;47 min.;Artland;Manga;Adventure,Fantasy,Mystery,Slice of Life,Supernatural;N\A; PG-13 - Teens 13 or older  ;1532;8.60;Seinen;2015
71;Ookami Kodomo no Ame to Yuki;12355;Movie;1;1 hr. 57 min.;Studio Chizu;Original;Fantasy,Slice of Life;N\A; G - All Ages  ;196;8.60;N\A;2012
72;Shouwa Genroku Rakugo Shinjuu;28735;TV;13;26 min. per ep.;Studio Deen;Manga;N\A;N\A; PG-13 - Teens 13 or older  ;725;8.59;Josei;2016
73;Kizumonogatari II: Nekketsu-hen;31757;Movie;1;1 hr. 4 min.;Shaft;Light;Action,Mystery,Supernatural;N\A; R - 17+ (violence & profanity)  ;465;8.59;N\A;2016
74;Hajime no Ippo: Rising;19647;TV;25;22 min. per ep.;Madhouse,MAPPA;Manga;Comedy,Drama,Sports;N\A; PG-13 - Teens 13 or older  ;905;8.58;Shounen;2013
75;JoJo no Kimyou na Bouken Part 5: Ougon no Kaze;37991;TV;39;23 min. per ep.;David Production;Manga;Action,Adventure;N\A; R - 17+ (violence & profanity)  ;162;8.58;Shounen;2018
76;Natsume Yuujinchou Go;32983;TV;11;23 min. per ep.;Shuka;Manga;Drama,Slice of Life,Supernatural;N\A; PG-13 - Teens 13 or older  ;1174;8.58;Shoujo;2016
77;Natsume Yuujinchou San;10379;TV;13;24 min. per ep.;Brain's Base;Manga;Drama,Slice of Life,Supernatural;N\A; PG-13 - Teens 13 or older  ;829;8.58;Shoujo;2011
78;Yojouhan Shinwa Taikei;7785;TV;11;23 min. per ep.;Madhouse;Novel;Comedy,Mystery,Romance;N\A; R - 17+ (violence & profanity)  ;464;8.58;N\A;2010
79;Tengen Toppa Gurren Lagann Movie 2: Lagann-hen;4565;Movie;1;2 hr. 5 min.;Gainax;Original;Action,Sci-Fi;Mecha,Space,Super Power; R+ - Mild Nudity  ;983;8.57;N\A;2009
80;Fate/Zero 2nd Season;11741;TV;12;24 min. per ep.;ufotable;Light;Action,Fantasy,Supernatural;N\A; R - 17+ (violence & profanity)  ;114;8.57;N\A;2012
81;Fruits Basket 2nd Season;40417;TV;25;23 min. per ep.;TMS Entertainment;Manga;Comedy,Drama,Romance,Slice of Life,Supernatural;N\A; PG-13 - Teens 13 or older  ;496;8.57;Shoujo;2020
82;Kimi no Suizou wo Tabetai;36098;Movie;1;1 hr. 48 min.;Studio VOLN;Novel;Drama,Romance,Slice of Life;N\A; PG-13 - Teens 13 or older  ;195;8.57;N\A;2018
83;JoJo no Kimyou na Bouken Part 6: Stone Ocean;48661;ONA;Unknown;24 min.;David Production;Manga;Action,Adventure;N\A; R - 17+ (violence & profanity)  ;623;8.56;Shounen;2021
84;Kimetsu no Yaiba;38000;TV;26;23 min. per ep.;ufotable;Manga;Action,Supernatural;Demons,Historical; R - 17+ (violence & profanity)  ;9;8.56;Shounen;2019
85;Yakusoku no Neverland;37779;TV;12;22 min. per ep.;CloverWorks;Manga;Horror,Mystery,Sci-Fi,Suspense;N\A; R - 17+ (violence & profanity)  ;39;8.56;Shounen;2019
86;Mushishi: Hihamukage;21329;Special;1;45 min.;Artland;Manga;Adventure,Fantasy,Mystery,Slice of Life,Supernatural;N\A; PG-13 - Teens 13 or older  ;1441;8.55;Seinen;2014
87;Zoku Natsume Yuujinchou;5300;TV;13;24 min. per ep.;Brain's Base;Manga;Drama,Slice of Life,Supernatural;N\A; PG-13 - Teens 13 or older  ;835;8.55;Shoujo;2009
88;Bakuman. 3rd Season;12365;TV;25;24 min. per ep.;J.C.Staff;Manga;Comedy,Drama,Romance;N\A; PG-13 - Teens 13 or older  ;601;8.55;Shounen;2012
89;Fate/stay night Movie: Heaven's Feel - II. Lost Butterfly;33049;Movie;1;1 hr. 57 min.;ufotable;Visual;Action,Fantasy,Supernatural;N\A; R - 17+ (violence & profanity)  ;594;8.54;N\A;2019
90;Haikyuu!!: To the Top 2nd Season;40776;TV;12;23 min. per ep.;Production I.G;Manga;Comedy,Drama,Sports;N\A; PG-13 - Teens 13 or older  ;270;8.54;Shounen;2020
91;Kara no Kyoukai 5: Mujun Rasen;4282;Movie;1;1 hr. 54 min.;ufotable;Light;Action,Drama,Mystery,Romance,Supernatural,Suspense;N\A; R - 17+ (violence & profanity)  ;880;8.54;N\A;2008
92;Neon Genesis Evangelion: The End of Evangelion;32;Movie;1;1 hr. 26 min.;Gainax,Production I.G;Original;Avant Garde,Drama,Sci-Fi;Mecha,Psychological; R+ - Mild Nudity  ;171;8.54;N\A;1997
93;Sora yori mo Tooi Basho;35839;TV;13;23 min. per ep.;Madhouse;Original;Adventure,Comedy,Drama;N\A; PG-13 - Teens 13 or older  ;412;8.54;N\A;2018
94;Yuru Camp△ Season 2;38474;TV;13;23 min. per ep.;C-Station;Manga;Comedy,Slice of Life;N\A; PG-13 - Teens 13 or older  ;1088;8.54;N\A;2021
95;Slam Dunk;170;TV;101;23 min. per ep.;Toei Animation;Manga;Comedy,Drama,Sports;N\A; PG-13 - Teens 13 or older  ;762;8.53;Shounen;1993
96;Gintama.: Porori-hen;35843;TV;13;23 min. per ep.;Bandai Namco Pictures;Manga;Action,Comedy,Sci-Fi;Historical,Parody,Samurai; PG-13 - Teens 13 or older  ;1124;8.53;Shounen;2017
97;Koukaku Kidoutai: Stand Alone Complex 2nd GIG;801;TV;26;25 min. per ep.;Production I.G;Manga;Action,Mystery,Sci-Fi;Mecha,Military,Police; R - 17+ (violence & profanity)  ;909;8.53;Seinen;2004
98;Gintama Movie 1: Shinyaku Benizakura-hen;7472;Movie;1;1 hr. 35 min.;Sunrise;Manga;Action,Comedy,Sci-Fi;Historical,Parody,Samurai; R - 17+ (violence & profanity)  ;1294;8.52;Shounen;2010
99;Jujutsu Kaisen 0 Movie;48561;Movie;1;1 hr. 45 min.;MAPPA;Manga;Action,Supernatural;N\A; R - 17+ (violence & profanity)  ;628;8.52;Shounen;2021
100;Kenpuu Denki Berserk;33;TV;25;25 min. per ep.;OLM;Manga;Action,Adventure,Drama,Fantasy,Horror,Supernatural;Demons,Military; R+ - Mild Nudity  ;332;8.52;Seinen;1997
101;One Punch Man;30276;TV;12;24 min. per ep.;Madhouse;Web;Action,Comedy,Sci-Fi,Supernatural;Parody,Super Power; R - 17+ (violence & profanity)  ;4;8.52;N\A;2015
102;Perfect Blue;437;Movie;1;1 hr. 21 min.;Madhouse;Novel;Avant Garde,Drama,Horror;N\A; R+ - Mild Nudity  ;320;8.52;N\A;1998
103;Shingeki no Kyojin;16498;TV;25;24 min. per ep.;Wit Studio;Manga;Action,Drama,Fantasy,Mystery;Military,Super Power; R - 17+ (violence & profanity)  ;1;8.52;Shounen;2013
104;"Steins;Gate 0";30484;TV;23;23 min. per ep.;White Fox;Visual;Drama,Sci-Fi,Suspense;N\A; PG-13 - Teens 13 or older  ;183;8.52;N\A;2018
105;Nana;877;TV;47;23 min. per ep.;Madhouse;Manga;Drama,Romance,Slice of Life;N\A; R+ - Mild Nudity  ;323;8.51;Shoujo;2006
106;Re:Zero kara Hajimeru Isekai Seikatsu 2nd Season Part 2;42203;TV;12;28 min. per ep.;White Fox;Light;Drama,Fantasy,Suspense;N\A; R - 17+ (violence & profanity)  ;239;8.51;N\A;2021
107;Tian Guan Ci Fu Special;44070;ONA;1;22 min.;Haoliners Animation League;Web;Drama,Supernatural;N\A; PG-13 - Teens 13 or older  ;3676;8.51;N\A;2021
108;Uchuu Kyoudai;12431;TV;99;24 min. per ep.;A-1 Pictures;Manga;Comedy,Sci-Fi,Slice of Life;N\A; PG-13 - Teens 13 or older  ;1067;8.51;Seinen;2012
109;Ansatsu Kyoushitsu 2nd Season;30654;TV;25;23 min. per ep.;Lerche;Manga;Action,Comedy;N\A; PG-13 - Teens 13 or older  ;85;8.51;Shounen;2016
110;Banana Fish;36649;TV;24;22 min. per ep.;MAPPA;Manga;Action,Adventure,Drama;N\A; R - 17+ (violence & profanity)  ;224;8.51;Shoujo;2018
111;Josee to Tora to Sakana-tachi;40787;Movie;1;1 hr. 38 min.;Bones;Novel;Drama,Romance,Slice of Life;N\A; PG-13 - Teens 13 or older  ;800;8.51;N\A;2020
112;Aria the Origination;3297;TV;13;24 min. per ep.;Hal Film Maker;Manga;Fantasy,Sci-Fi,Slice of Life;N\A; G - All Ages  ;1529;8.50;Shounen;2008
113;Hotaru no Haka;578;Movie;1;1 hr. 28 min.;Studio Ghibli;Novel;N\A;N\A; PG-13 - Teens 13 or older  ;301;8.50;N\A;1988
114;JoJo no Kimyou na Bouken Part 4: Diamond wa Kudakenai;31933;TV;39;23 min. per ep.;David Production;Manga;Action,Adventure,Comedy,Drama,Supernatural;N\A; R - 17+ (violence & profanity)  ;133;8.50;Shounen;2016
115;Rainbow: Nisha Rokubou no Shichinin;6114;TV;26;22 min. per ep.;Madhouse;Manga;Drama,Suspense;N\A; R - 17+ (violence & profanity)  ;506;8.50;Seinen;2010
116;Samurai Champloo;205;TV;26;24 min. per ep.;Manglobe;Original;Action,Adventure,Comedy;Historical,Samurai; R - 17+ (violence & profanity)  ;98;8.50;Shounen;2004
117;Shingeki no Kyojin Season 2;25777;TV;12;24 min. per ep.;Wit Studio;Manga;Action,Drama,Fantasy,Mystery;Military,Super Power; R - 17+ (violence & profanity)  ;12;8.49;Shounen;2017
118;Gintama: The Semi-Final;44087;Special;2;24 min. per ep.;Bandai Namco Pictures;Manga;Action,Comedy;Historical,Parody,Samurai; PG-13 - Teens 13 or older  ;2659;8.49;Shounen;2021
119;Chihayafuru 3;37379;TV;24;22 min. per ep.;Madhouse;Manga;Drama,Slice of Life,Sports;Game,School; PG-13 - Teens 13 or older  ;1498;8.48;Josei;2019
120;Kono Subarashii Sekai ni Shukufuku wo! Movie: Kurenai Densetsu;38040;Movie;1;1 hr. 30 min.;J.C.Staff;Light;Adventure,Comedy,Fantasy,Supernatural;N\A; PG-13 - Teens 13 or older  ;255;8.48;N\A;2019
121;Mo Dao Zu Shi;37208;ONA;15;25 min. per ep.;B.CMAY PICTURES;Web;Action,Adventure,Mystery,Supernatural;N\A; R - 17+ (violence & profanity)  ;1005;8.48;N\A;2018
122;Mob Psycho 100;32182;TV;12;24 min. per ep.;Bones;Web;Action,Comedy,Slice of Life,Supernatural;N\A; PG-13 - Teens 13 or older  ;35;8.48;N\A;2016
123;Vivy: Fluorite Eye's Song;46095;TV;13;24 min. per ep.;Wit Studio;Original;Action,Sci-Fi,Suspense;N\A; R - 17+ (violence & profanity)  ;503;8.48;N\A;2021
124;Zoku Owarimonogatari;36999;Movie;6;28 min. per ep.;Shaft;Light;Comedy,Mystery,Supernatural;N\A; R - 17+ (violence & profanity)  ;985;8.47;N\A;2018
125;Nichijou;10165;TV;26;23 min. per ep.;Kyoto Animation;Manga;Comedy,Slice of Life;N\A; PG-13 - Teens 13 or older  ;169;8.46;Shounen;2011
126;Owarimonogatari;31181;TV;12;26 min. per ep.;Shaft;Light;Comedy,Mystery,Supernatural;N\A; R - 17+ (violence & profanity)  ;411;8.46;N\A;2015
127;Saenai Heroine no Sodatekata Fine;36885;Movie;1;1 hr. 54 min.;CloverWorks;Light;Comedy,Romance,Ecchi;Harem,School; PG-13 - Teens 13 or older  ;1288;8.46;N\A;2019
128;"Steins;Gate Movie: Fuka Ryouiki no Déjà vu";11577;Movie;1;1 hr. 30 min.;White Fox;Visual;Drama,Sci-Fi;N\A; PG-13 - Teens 13 or older  ;327;8.46;N\A;2013
129;Haikyuu!!;20583;TV;25;24 min. per ep.;Production I.G;Manga;Comedy,Drama,Sports;N\A; PG-13 - Teens 13 or older  ;37;8.46;Shounen;2014
130;Mahou Shoujo Madoka★Magica Movie 3: Hangyaku no Monogatari;11981;Movie;1;1 hr. 56 min.;Shaft;Original;Drama,Mystery,Suspense;N\A; PG-13 - Teens 13 or older  ;544;8.46;N\A;2013
131;Golden Kamuy 3rd Season;40059;TV;12;23 min. per ep.;Geno Studio;Manga;Action,Adventure;N\A; R - 17+ (violence & profanity)  ;1504;8.45;Seinen;2020
132;Mo Dao Zu Shi: Xian Yun Pian;38450;ONA;8;24 min. per ep.;B.CMAY PICTURES;Web;Action,Mystery,Supernatural;N\A; R - 17+ (violence & profanity)  ;1949;8.45;N\A;2019
133;Mushishi Zoku Shou: Odoro no Michi;24687;Special;1;47 min.;Artland;Manga;Adventure,Fantasy,Mystery,Slice of Life,Supernatural;N\A; PG-13 - Teens 13 or older  ;1825;8.45;Seinen;2014
134;Yuu☆Yuu☆Hakusho;392;TV;112;24 min. per ep.;Studio Pierrot;Manga;Action,Comedy,Supernatural;Demons,Martial Arts; PG-13 - Teens 13 or older  ;278;8.45;Shounen;1992
135;Saiki Kusuo no Ψ-nan 2;34612;TV;24;24 min. per ep.;J.C.Staff,Egg Firm;Manga;Comedy,Slice of Life,Supernatural;N\A; PG-13 - Teens 13 or older  ;337;8.44;Shounen;2018
136;Wu Liuqi Zhi Xuanwu Guo Pian;45556;ONA;10;16 min. per ep.;add some;Original;Action,Adventure,Comedy,Drama,Mystery;Martial Arts,Super Power; R - 17+ (violence & profanity)  ;3884;8.44;N\A;2021
137;Gintama: Yorinuki Gintama-san on Theater 2D;21899;Movie;2;1 hr. 36 min. per ep.;Sunrise;Manga;Action,Comedy,Sci-Fi;Historical,Parody,Samurai; PG-13 - Teens 13 or older  ;2980;8.44;Shounen;2012
138;JoJo no Kimyou na Bouken Part 3: Stardust Crusaders 2nd Season;26055;TV;24;23 min. per ep.;David Production;Manga;Action,Adventure,Drama,Supernatural;N\A; R - 17+ (violence & profanity)  ;135;8.44;Shounen;2015
139;Karakai Jouzu no Takagi-san 3;49721;TV;12;24 min. per ep.;Shin-Ei Animation;Manga;Comedy,Romance,Slice of Life;N\A; PG-13 - Teens 13 or older  ;1670;8.44;Shounen;2022
140;Grand Blue;37105;TV;12;24 min. per ep.;Zero-G;Manga;Comedy,Slice of Life;N\A; PG-13 - Teens 13 or older  ;259;8.43;Seinen;2018
141;Kono Oto Tomare! 2nd Season;38889;TV;13;23 min. per ep.;Platinum Vision;Manga;Drama,Romance;Music,School; PG-13 - Teens 13 or older  ;1382;8.43;Shounen;2019
142;Koukaku Kidoutai: Stand Alone Complex;467;TV;26;25 min. per ep.;Production I.G;Manga;Action,Sci-Fi;Mecha,Military,Police; R - 17+ (violence & profanity)  ;490;8.43;Seinen;2002
143;Mononoke;2246;TV;12;22 min. per ep.;Toei Animation;Original;Fantasy,Horror,Mystery,Supernatural;Demons,Historical,Psychological; R - 17+ (violence & profanity)  ;701;8.43;Seinen;2007
144;Saiki Kusuo no Ψ-nan;33255;TV;120;5 min. per ep.;J.C.Staff,Egg Firm;Manga;Comedy,Slice of Life,Supernatural;N\A; PG-13 - Teens 13 or older  ;139;8.43;Shounen;2016
145;Natsume Yuujinchou Movie: Utsusemi ni Musubu;36538;Movie;1;1 hr. 44 min.;Shuka;Manga;Drama,Slice of Life,Supernatural;N\A; PG-13 - Teens 13 or older  ;2379;8.42;Shoujo;2018
146;Sayonara no Asa ni Yakusoku no Hana wo Kazarou;35851;Movie;1;1 hr. 55 min.;P.A. Works;Original;Drama,Fantasy;N\A; PG-13 - Teens 13 or older  ;525;8.42;N\A;2018
147;86 Part 2;48569;TV;12;23 min. per ep.;A-1 Pictures;Light;Action,Drama,Sci-Fi;Mecha,Military; R - 17+ (violence & profanity)  ;782;8.42;N\A;2021
148;Fumetsu no Anata e;41025;TV;20;25 min. per ep.;Brain's Base;Manga;Adventure,Drama,Supernatural;N\A; R - 17+ (violence & profanity)  ;261;8.42;Shounen;2021
149;Holo no Graffiti;44042;ONA;Unknown;1 min.;Hololive Production;Other;N\A;N\A; PG-13 - Teens 13 or older  ;2782;8.42;N\A;2019
