;Title;MAL Id;Type;Number of Episodes;Episode Duration;Studios;Source Type;Genres;Themes;Rating;Popularity;Score;Demographic;Year
0;Fullmetal Alchemist: Brotherhood;5114;TV;64;24 min. per ep.;Bones;Manga;Action,Adventure,Comedy,Drama,Fantasy;N\A; R - 17+ (violence & profanity)  ;3;9.15;Shounen;2009
1;Shingeki no Kyojin: The Final Season Part 2;48583;TV;12;23 min. per ep.;MAPPA;Manga;Action,Drama,Fantasy,Mystery;Military,Super Power; R - 17+ (violence & profanity)  ;220;9.15;Shounen;2022
2;"Steins;Gate";9253;TV;24;24 min. per ep.;White Fox;Visual;Drama,Sci-Fi,Suspense;N\A; PG-13 - Teens 13 or older  ;13;9.09;N\A;2011
3;Gintama°;28977;TV;51;24 min. per ep.;Bandai Namco Pictures;Manga;Action,Comedy,Sci-Fi;Historical,Parody,Samurai; PG-13 - Teens 13 or older  ;335;9.09;Shounen;2015
4;Shingeki no Kyojin Season 3 Part 2;38524;TV;10;23 min. per ep.;Wit Studio;Manga;Action,Drama,Fantasy,Mystery;Military,Super Power; R - 17+ (violence & profanity)  ;32;9.08;Shounen;2019
5;Fruits Basket: The Final;42938;TV;13;23 min. per ep.;TMS Entertainment;Manga;Drama,Romance,Slice of Life,Supernatural;N\A; PG-13 - Teens 13 or older  ;626;9.06;Shoujo;2021
6;Gintama';9969;TV;51;24 min. per ep.;Sunrise;Manga;Action,Comedy,Sci-Fi;Historical,Parody,Samurai; PG-13 - Teens 13 or older  ;380;9.06;Shounen;2011
7;Gintama: The Final;39486;Movie;1;1 hr. 44 min.;Bandai Namco Pictures;Manga;Action,Comedy,Drama,Sci-Fi;Historical,Parody,Samurai; PG-13 - Teens 13 or older  ;1798;9.05;Shounen;2021
8;Hunter x Hunter (2011);11061;TV;148;23 min. per ep.;Madhouse;Manga;Action,Adventure,Fantasy;N\A; PG-13 - Teens 13 or older  ;10;9.05;Shounen;2011
9;Gintama': Enchousen;15417;TV;13;24 min. per ep.;Sunrise;Manga;Action,Comedy,Sci-Fi;Historical,Parody,Samurai; PG-13 - Teens 13 or older  ;683;9.04;Shounen;2012
10;Ginga Eiyuu Densetsu;820;OVA;110;26 min. per ep.;K-Factory,Kitty Film Mitaka Studio;Novel;Drama,Sci-Fi;Military,Space; R - 17+ (violence & profanity)  ;682;9.03;N\A;1988
11;Gintama.;34096;TV;12;24 min. per ep.;Bandai Namco Pictures;Manga;Action,Comedy,Sci-Fi;Historical,Parody,Samurai; PG-13 - Teens 13 or older  ;729;8.99;Shounen;2017
12;3-gatsu no Lion 2nd Season;35180;TV;22;25 min. per ep.;Shaft;Manga;Drama,Slice of Life;N\A; PG-13 - Teens 13 or older  ;526;8.96;Seinen;2017
13;Koe no Katachi;28851;Movie;1;2 hr. 10 min.;Kyoto Animation;Manga;N\A;N\A; PG-13 - Teens 13 or older  ;20;8.96;Shounen;2016
14;Violet Evergarden Movie;37987;Movie;1;2 hr. 20 min.;Kyoto Animation;Light;Drama,Fantasy,Slice of Life;N\A; PG-13 - Teens 13 or older  ;443;8.96;N\A;2020
15;Clannad: After Story;4181;TV;24;24 min. per ep.;Kyoto Animation;Visual;Comedy,Drama,Romance,Slice of Life,Supernatural;N\A; PG-13 - Teens 13 or older  ;101;8.95;N\A;2008
16;Gintama;918;TV;201;24 min. per ep.;Sunrise;Manga;Action,Comedy,Sci-Fi;Historical,Parody,Samurai; PG-13 - Teens 13 or older  ;124;8.95;Shounen;2006
17;Gintama Movie 2: Kanketsu-hen - Yorozuya yo Eien Nare;15335;Movie;1;1 hr. 50 min.;Sunrise;Manga;Action,Comedy,Sci-Fi;Historical,Parody,Samurai; PG-13 - Teens 13 or older  ;927;8.93;Shounen;2013
18;Code Geass: Hangyaku no Lelouch R2;2904;TV;25;24 min. per ep.;Sunrise;Original;Action,Drama,Sci-Fi;Mecha,Military,Super Power; R - 17+ (violence & profanity)  ;46;8.91;N\A;2008
19;Kimetsu no Yaiba: Yuukaku-hen;47778;TV;11;23 min. per ep.;ufotable;Manga;Action,Supernatural;Demons,Historical; R - 17+ (violence & profanity)  ;221;8.91;Shounen;2021
20;Owarimonogatari 2nd Season;35247;TV;7;22 min. per ep.;Shaft;Light;Comedy,Mystery,Supernatural;N\A; R - 17+ (violence & profanity)  ;530;8.91;N\A;2017
21;Gintama.: Shirogane no Tamashii-hen - Kouhan-sen;37491;TV;14;24 min. per ep.;Bandai Namco Pictures;Manga;Action,Comedy,Sci-Fi;Historical,Parody,Samurai; PG-13 - Teens 13 or older  ;1194;8.89;Shounen;2018
22;Kimi no Na wa.;32281;Movie;1;1 hr. 46 min.;CoMix Wave Films;Original;Drama,Romance,Supernatural;N\A; PG-13 - Teens 13 or older  ;11;8.88;N\A;2016
23;Shingeki no Kyojin: The Final Season;40028;TV;16;23 min. per ep.;MAPPA;Manga;Action,Drama,Fantasy,Mystery;Military,Super Power; R - 17+ (violence & profanity)  ;57;8.88;Shounen;2020
24;Shiguang Dailiren;44074;ONA;11;23 min. per ep.;Studio LAN;Original;Drama,Supernatural;N\A; PG-13 - Teens 13 or older  ;1200;8.83;N\A;2021
25;Monster;19;TV;74;24 min. per ep.;Madhouse;Manga;Drama,Mystery,Suspense;N\A; R+ - Mild Nudity  ;156;8.82;Seinen;2004
26;Gintama.: Shirogane no Tamashii-hen;36838;TV;12;24 min. per ep.;Bandai Namco Pictures;Manga;Action,Comedy,Sci-Fi;Historical,Parody,Samurai; PG-13 - Teens 13 or older  ;1089;8.82;Shounen;2018
27;Kizumonogatari III: Reiketsu-hen;31758;Movie;1;1 hr. 23 min.;Shaft;Light;Action,Mystery,Supernatural;N\A; R - 17+ (violence & profanity)  ;453;8.81;N\A;2017
28;Mob Psycho 100 II;37510;TV;13;24 min. per ep.;Bones;Web;Action,Comedy,Slice of Life,Supernatural;N\A; PG-13 - Teens 13 or older  ;87;8.81;N\A;2019
29;Ousama Ranking;40834;TV;23;23 min. per ep.;Wit Studio;Web;Adventure,Fantasy;N\A; PG-13 - Teens 13 or older  ;659;8.81;N\A;2021
30;Haikyuu!!: Karasuno Koukou vs. Shiratorizawa Gakuen Koukou;32935;TV;10;24 min. per ep.;Production I.G;Manga;Comedy,Drama,Sports;N\A; PG-13 - Teens 13 or older  ;111;8.80;Shounen;2016
31;Sen to Chihiro no Kamikakushi;199;Movie;1;2 hr. 4 min.;Studio Ghibli;Original;Adventure,Award Winning,Drama,Supernatural;N\A; PG - Children  ;43;8.79;N\A;2001
32;Monogatari Series: Second Season;17074;TV;26;25 min. per ep.;Shaft;Light;Comedy,Mystery,Romance,Supernatural;N\A; R - 17+ (violence & profanity)  ;267;8.78;N\A;2013
33;Mushoku Tensei: Isekai Ittara Honki Dasu Part 2;45576;TV;12;23 min. per ep.;Studio Bind;Light;Drama,Fantasy,Ecchi;N\A; R - 17+ (violence & profanity)  ;336;8.77;N\A;2021
34;Odd Taxi;46102;TV;13;23 min. per ep.;OLM,P.I.C.S.;Original;N\A;N\A; PG-13 - Teens 13 or older  ;855;8.77;N\A;2021
35;Kingdom 3rd Season;40682;TV;26;25 min. per ep.;Pierrot Plus,Studio Signpost;Manga;N\A;Historical,Military; R - 17+ (violence & profanity)  ;2311;8.77;Seinen;2020
36;Cowboy Bebop;1;TV;26;24 min. per ep.;Sunrise;Original;Action,Adventure,Comedy,Drama,Sci-Fi;N\A; R - 17+ (violence & profanity)  ;42;8.76;N\A;1998
37;Shouwa Genroku Rakugo Shinjuu: Sukeroku Futatabi-hen;33095;TV;12;24 min. per ep.;Studio Deen;Manga;N\A;N\A; PG-13 - Teens 13 or older  ;1128;8.75;Josei;2017
38;Mushishi Zoku Shou 2nd Season;24701;TV;10;23 min. per ep.;Artland;Manga;Adventure,Fantasy,Mystery,Slice of Life,Supernatural;N\A; PG-13 - Teens 13 or older  ;811;8.74;Seinen;2014
39;Hajime no Ippo;263;TV;75;23 min. per ep.;Madhouse;Manga;Comedy,Drama,Sports;N\A; PG-13 - Teens 13 or older  ;367;8.74;Shounen;2000
40;Fate/stay night Movie: Heaven's Feel - III. Spring Song;33050;Movie;1;2 hr. 2 min.;ufotable;Visual;Action,Fantasy,Supernatural;N\A; R - 17+ (violence & profanity)  ;743;8.73;N\A;2020
41;Vinland Saga;37521;TV;24;24 min. per ep.;Wit Studio;Manga;Action,Adventure,Drama;N\A; R - 17+ (violence & profanity)  ;105;8.73;Seinen;2019
42;Mo Dao Zu Shi: Wanjie Pian;40434;ONA;12;24 min. per ep.;B.CMAY PICTURES;Web;Action,Drama,Supernatural;Demons,Historical; R - 17+ (violence & profanity)  ;2651;8.71;N\A;2021
43;Mushishi Zoku Shou;21939;TV;10;24 min. per ep.;Artland;Manga;Adventure,Fantasy,Mystery,Slice of Life,Supernatural;N\A; PG-13 - Teens 13 or older  ;711;8.71;Seinen;2014
44;Rurouni Kenshin: Meiji Kenkaku Romantan - Tsuioku-hen;44;OVA;4;30 min. per ep.;Studio Deen;Manga;Action,Drama,Romance;Historical,Martial Arts,Samurai; R - 17+ (violence & profanity)  ;746;8.71;Shounen;1999
45;Jujutsu Kaisen (TV);40748;TV;24;23 min. per ep.;MAPPA;Manga;Action,Supernatural;Demons,School; R - 17+ (violence & profanity)  ;38;8.71;Shounen;2020
46;Ashita no Joe 2;2921;TV;47;24 min. per ep.;Tokyo Movie Shinsha;Manga;Action,Drama,Slice of Life,Sports;N\A; PG-13 - Teens 13 or older  ;2924;8.70;Shounen;1980
47;Code Geass: Hangyaku no Lelouch;1575;TV;25;24 min. per ep.;Sunrise;Original;Action,Drama,Sci-Fi;Mecha,Military,School,Super Power; R - 17+ (violence & profanity)  ;17;8.70;N\A;2006
48;Kimetsu no Yaiba Movie: Mugen Ressha-hen;40456;Movie;1;1 hr. 56 min.;ufotable;Manga;N\A;Demons,Historical; R - 17+ (violence & profanity)  ;120;8.70;Shounen;2020
49;Great Teacher Onizuka;245;TV;43;25 min. per ep.;Studio Pierrot;Manga;Comedy,Drama;N\A; R - 17+ (violence & profanity)  ;208;8.69;Shounen;1999
50;Made in Abyss;34599;TV;13;25 min. per ep.;Kinema Citrus;Web;Adventure,Drama,Fantasy,Mystery,Sci-Fi;N\A; R - 17+ (violence & profanity)  ;95;8.69;N\A;2017
51;Made in Abyss Movie 3: Fukaki Tamashii no Reimei;36862;Movie;1;1 hr. 45 min.;Kinema Citrus;Web;Adventure,Drama,Fantasy,Mystery,Sci-Fi;N\A; R - 17+ (violence & profanity)  ;591;8.69;N\A;2020
52;Mononoke Hime;164;Movie;1;2 hr. 13 min.;Studio Ghibli;Original;Action,Adventure,Fantasy;N\A; PG-13 - Teens 13 or older  ;100;8.68;N\A;1997
53;Mushishi;457;TV;26;25 min. per ep.;Artland;Manga;Adventure,Fantasy,Mystery,Slice of Life,Supernatural;N\A; PG-13 - Teens 13 or older  ;194;8.67;Seinen;2005
54;Shigatsu wa Kimi no Uso;23273;TV;22;22 min. per ep.;A-1 Pictures;Manga;Drama,Romance;Music,School; PG-13 - Teens 13 or older  ;21;8.67;Shounen;2014
55;Violet Evergarden;33352;TV;13;24 min. per ep.;Kyoto Animation;Light;Drama,Fantasy,Slice of Life;N\A; PG-13 - Teens 13 or older  ;51;8.66;N\A;2018
56;Evangelion: 3.0+1.0 Thrice Upon a Time;3786;Movie;1;2 hr. 35 min.;Khara;Original;Action,Drama,Sci-Fi;Mecha,Psychological; PG-13 - Teens 13 or older  ;688;8.66;N\A;2021
57;Haikyuu!! Second Season;28891;TV;25;24 min. per ep.;Production I.G;Manga;Comedy,Drama,Sports;N\A; PG-13 - Teens 13 or older  ;83;8.66;Shounen;2015
58;Hajime no Ippo: New Challenger;5258;TV;26;23 min. per ep.;Madhouse;Manga;Comedy,Drama,Sports;N\A; PG-13 - Teens 13 or older  ;797;8.66;Shounen;2009
59;Howl no Ugoku Shiro;431;Movie;1;1 hr. 59 min.;Studio Ghibli;Novel;Adventure,Drama,Fantasy,Romance;N\A; G - All Ages  ;97;8.66;N\A;2004
60;Kaguya-sama wa Kokurasetai?: Tensai-tachi no Renai Zunousen;40591;TV;12;24 min. per ep.;A-1 Pictures;Manga;Comedy,Romance;Psychological,School; PG-13 - Teens 13 or older  ;116;8.66;Seinen;2020
61;Natsume Yuujinchou Shi;11665;TV;13;24 min. per ep.;Brain's Base;Manga;Drama,Slice of Life,Supernatural;N\A; PG-13 - Teens 13 or older  ;861;8.65;Shoujo;2012
62;Tengen Toppa Gurren Lagann;2001;TV;27;24 min. per ep.;Gainax;Original;Action,Adventure,Comedy,Sci-Fi;N\A; PG-13 - Teens 13 or older  ;56;8.64;N\A;2007
63;Natsume Yuujinchou Roku;34591;TV;11;23 min. per ep.;Shuka;Manga;Drama,Slice of Life,Supernatural;N\A; PG-13 - Teens 13 or older  ;1168;8.63;Shoujo;2017
64;Seishun Buta Yarou wa Yumemiru Shoujo no Yume wo Minai;38329;Movie;1;1 hr. 30 min.;CloverWorks;Light;Drama,Romance,Supernatural;N\A; PG-13 - Teens 13 or older  ;303;8.63;N\A;2019
65;Death Note;1535;TV;37;23 min. per ep.;Madhouse;Manga;Mystery,Supernatural,Suspense;Police,Psychological; R - 17+ (violence & profanity)  ;2;8.63;Shounen;2006
66;One Piece;21;TV;Unknown;24 min.;Toei Animation;Manga;Action,Adventure,Comedy,Drama,Fantasy;N\A; PG-13 - Teens 13 or older  ;26;8.62;Shounen;1999
67;Ping Pong the Animation;22135;TV;11;23 min. per ep.;Tatsunoko Production;Manga;Drama,Sports;N\A; PG-13 - Teens 13 or older  ;539;8.62;Seinen;2014
68;Shingeki no Kyojin Season 3;35760;TV;12;23 min. per ep.;Wit Studio;Manga;Action,Drama,Fantasy,Mystery;Military,Super Power; R - 17+ (violence & profanity)  ;24;8.62;Shounen;2018
69;Suzumiya Haruhi no Shoushitsu;7311;Movie;1;2 hr. 41 min.;Kyoto Animation;Light;Mystery,Romance,Sci-Fi,Supernatural;N\A; PG-13 - Teens 13 or older  ;305;8.62;N\A;2010
70;Mushishi Zoku Shou: Suzu no Shizuku;28957;Movie;1;47 min.;Artland;Manga;Adventure,Fantasy,Mystery,Slice of Life,Supernatural;N\A; PG-13 - Teens 13 or older  ;1532;8.60;Seinen;2015
71;Ookami Kodomo no Ame to Yuki;12355;Movie;1;1 hr. 57 min.;Studio Chizu;Original;Fantasy,Slice of Life;N\A; G - All Ages  ;196;8.60;N\A;2012
72;Shouwa Genroku Rakugo Shinjuu;28735;TV;13;26 min. per ep.;Studio Deen;Manga;N\A;N\A; PG-13 - Teens 13 or older  ;725;8.59;Josei;2016
73;Kizumonogatari II: Nekketsu-hen;31757;Movie;1;1 hr. 4 min.;Shaft;Light;Action,Mystery,Supernatural;N\A; R - 17+ (violence & profanity)  ;465;8.59;N\A;2016
74;Hajime no Ippo: Rising;19647;TV;25;22 min. per ep.;Madhouse,MAPPA;Manga;Comedy,Drama,Sports;N\A; PG-13 - Teens 13 or older  ;905;8.58;Shounen;2013
75;JoJo no Kimyou na Bouken Part 5: Ougon no Kaze;37991;TV;39;23 min. per ep.;David Production;Manga;Action,Adventure;N\A; R - 17+ (violence & profanity)  ;162;8.58;Shounen;2018
76;Natsume Yuujinchou Go;32983;TV;11;23 min. per ep.;Shuka;Manga;Drama,Slice of Life,Supernatural;N\A; PG-13 - Teens 13 or older  ;1174;8.58;Shoujo;2016
77;Natsume Yuujinchou San;10379;TV;13;24 min. per ep.;Brain's Base;Manga;Drama,Slice of Life,Supernatural;N\A; PG-13 - Teens 13 or older  ;829;8.58;Shoujo;2011
78;Yojouhan Shinwa Taikei;7785;TV;11;23 min. per ep.;Madhouse;Novel;Comedy,Mystery,Romance;N\A; R - 17+ (violence & profanity)  ;464;8.58;N\A;2010
79;Tengen Toppa Gurren Lagann Movie 2: Lagann-hen;4565;Movie;1;2 hr. 5 min.;Gainax;Original;Action,Sci-Fi;Mecha,Space,Super Power; R+ - Mild Nudity  ;983;8.57;N\A;2009
80;Fate/Zero 2nd Season;11741;TV;12;24 min. per ep.;ufotable;Light;Action,Fantasy,Supernatural;N\A; R - 17+ (violence & profanity)  ;114;8.57;N\A;2012
81;Fruits Basket 2nd Season;40417;TV;25;23 min. per ep.;TMS Entertainment;Manga;Comedy,Drama,Romance,Slice of Life,Supernatural;N\A; PG-13 - Teens 13 or older  ;496;8.57;Shoujo;2020
82;Kimi no Suizou wo Tabetai;36098;Movie;1;1 hr. 48 min.;Studio VOLN;Novel;Drama,Romance,Slice of Life;N\A; PG-13 - Teens 13 or older  ;195;8.57;N\A;2018
83;JoJo no Kimyou na Bouken Part 6: Stone Ocean;48661;ONA;Unknown;24 min.;David Production;Manga;Action,Adventure;N\A; R - 17+ (violence & profanity)  ;623;8.56;Shounen;2021
84;Kimetsu no Yaiba;38000;TV;26;23 min. per ep.;ufotable;Manga;Action,Supernatural;Demons,Historical; R - 17+ (violence & profanity)  ;9;8.56;Shounen;2019
85;Yakusoku no Neverland;37779;TV;12;22 min. per ep.;CloverWorks;Manga;Horror,Mystery,Sci-Fi,Suspense;N\A; R - 17+ (violence & profanity)  ;39;8.56;Shounen;2019
86;Mushishi: Hihamukage;21329;Special;1;45 min.;Artland;Manga;Adventure,Fantasy,Mystery,Slice of Life,Supernatural;N\A; PG-13 - Teens 13 or older  ;1441;8.55;Seinen;2014
87;Zoku Natsume Yuujinchou;5300;TV;13;24 min. per ep.;Brain's Base;Manga;Drama,Slice of Life,Supernatural;N\A; PG-13 - Teens 13 or older  ;835;8.55;Shoujo;2009
88;Bakuman. 3rd Season;12365;TV;25;24 min. per ep.;J.C.Staff;Manga;Comedy,Drama,Romance;N\A; PG-13 - Teens 13 or older  ;601;8.55;Shounen;2012
89;Fate/stay night Movie: Heaven's Feel - II. Lost Butterfly;33049;Movie;1;1 hr. 57 min.;ufotable;Visual;Action,Fantasy,Supernatural;N\A; R - 17+ (violence & profanity)  ;594;8.54;N\A;2019
90;Haikyuu!!: To the Top 2nd Season;40776;TV;12;23 min. per ep.;Production I.G;Manga;Comedy,Drama,Sports;N\A; PG-13 - Teens 13 or older  ;270;8.54;Shounen;2020
91;Kara no Kyoukai 5: Mujun Rasen;4282;Movie;1;1 hr. 54 min.;ufotable;Light;Action,Drama,Mystery,Romance,Supernatural,Suspense;N\A; R - 17+ (violence & profanity)  ;880;8.54;N\A;2008
92;Neon Genesis Evangelion: The End of Evangelion;32;Movie;1;1 hr. 26 min.;Gainax,Production I.G;Original;Avant Garde,Drama,Sci-Fi;Mecha,Psychological; R+ - Mild Nudity  ;171;8.54;N\A;1997
93;Sora yori mo Tooi Basho;35839;TV;13;23 min. per ep.;Madhouse;Original;Adventure,Comedy,Drama;N\A; PG-13 - Teens 13 or older  ;412;8.54;N\A;2018
94;Yuru Camp△ Season 2;38474;TV;13;23 min. per ep.;C-Station;Manga;Comedy,Slice of Life;N\A; PG-13 - Teens 13 or older  ;1088;8.54;N\A;2021
95;Slam Dunk;170;TV;101;23 min. per ep.;Toei Animation;Manga;Comedy,Drama,Sports;N\A; PG-13 - Teens 13 or older  ;762;8.53;Shounen;1993
96;Gintama.: Porori-hen;35843;TV;13;23 min. per ep.;Bandai Namco Pictures;Manga;Action,Comedy,Sci-Fi;Historical,Parody,Samurai; PG-13 - Teens 13 or older  ;1124;8.53;Shounen;2017
97;Koukaku Kidoutai: Stand Alone Complex 2nd GIG;801;TV;26;25 min. per ep.;Production I.G;Manga;Action,Mystery,Sci-Fi;Mecha,Military,Police; R - 17+ (violence & profanity)  ;909;8.53;Seinen;2004
98;Gintama Movie 1: Shinyaku Benizakura-hen;7472;Movie;1;1 hr. 35 min.;Sunrise;Manga;Action,Comedy,Sci-Fi;Historical,Parody,Samurai; R - 17+ (violence & profanity)  ;1294;8.52;Shounen;2010
99;Jujutsu Kaisen 0 Movie;48561;Movie;1;1 hr. 45 min.;MAPPA;Manga;Action,Supernatural;N\A; R - 17+ (violence & profanity)  ;628;8.52;Shounen;2021
100;Kenpuu Denki Berserk;33;TV;25;25 min. per ep.;OLM;Manga;Action,Adventure,Drama,Fantasy,Horror,Supernatural;Demons,Military; R+ - Mild Nudity  ;332;8.52;Seinen;1997
101;One Punch Man;30276;TV;12;24 min. per ep.;Madhouse;Web;Action,Comedy,Sci-Fi,Supernatural;Parody,Super Power; R - 17+ (violence & profanity)  ;4;8.52;N\A;2015
102;Perfect Blue;437;Movie;1;1 hr. 21 min.;Madhouse;Novel;Avant Garde,Drama,Horror;N\A; R+ - Mild Nudity  ;320;8.52;N\A;1998
103;Shingeki no Kyojin;16498;TV;25;24 min. per ep.;Wit Studio;Manga;Action,Drama,Fantasy,Mystery;Military,Super Power; R - 17+ (violence & profanity)  ;1;8.52;Shounen;2013
104;"Steins;Gate 0";30484;TV;23;23 min. per ep.;White Fox;Visual;Drama,Sci-Fi,Suspense;N\A; PG-13 - Teens 13 or older  ;183;8.52;N\A;2018
105;Nana;877;TV;47;23 min. per ep.;Madhouse;Manga;Drama,Romance,Slice of Life;N\A; R+ - Mild Nudity  ;323;8.51;Shoujo;2006
106;Re:Zero kara Hajimeru Isekai Seikatsu 2nd Season Part 2;42203;TV;12;28 min. per ep.;White Fox;Light;Drama,Fantasy,Suspense;N\A; R - 17+ (violence & profanity)  ;239;8.51;N\A;2021
107;Tian Guan Ci Fu Special;44070;ONA;1;22 min.;Haoliners Animation League;Web;Drama,Supernatural;N\A; PG-13 - Teens 13 or older  ;3676;8.51;N\A;2021
108;Uchuu Kyoudai;12431;TV;99;24 min. per ep.;A-1 Pictures;Manga;Comedy,Sci-Fi,Slice of Life;N\A; PG-13 - Teens 13 or older  ;1067;8.51;Seinen;2012
109;Ansatsu Kyoushitsu 2nd Season;30654;TV;25;23 min. per ep.;Lerche;Manga;Action,Comedy;N\A; PG-13 - Teens 13 or older  ;85;8.51;Shounen;2016
110;Banana Fish;36649;TV;24;22 min. per ep.;MAPPA;Manga;Action,Adventure,Drama;N\A; R - 17+ (violence & profanity)  ;224;8.51;Shoujo;2018
111;Josee to Tora to Sakana-tachi;40787;Movie;1;1 hr. 38 min.;Bones;Novel;Drama,Romance,Slice of Life;N\A; PG-13 - Teens 13 or older  ;800;8.51;N\A;2020
112;Aria the Origination;3297;TV;13;24 min. per ep.;Hal Film Maker;Manga;Fantasy,Sci-Fi,Slice of Life;N\A; G - All Ages  ;1529;8.50;Shounen;2008
113;Hotaru no Haka;578;Movie;1;1 hr. 28 min.;Studio Ghibli;Novel;N\A;N\A; PG-13 - Teens 13 or older  ;301;8.50;N\A;1988
114;JoJo no Kimyou na Bouken Part 4: Diamond wa Kudakenai;31933;TV;39;23 min. per ep.;David Production;Manga;Action,Adventure,Comedy,Drama,Supernatural;N\A; R - 17+ (violence & profanity)  ;133;8.50;Shounen;2016
115;Rainbow: Nisha Rokubou no Shichinin;6114;TV;26;22 min. per ep.;Madhouse;Manga;Drama,Suspense;N\A; R - 17+ (violence & profanity)  ;506;8.50;Seinen;2010
116;Samurai Champloo;205;TV;26;24 min. per ep.;Manglobe;Original;Action,Adventure,Comedy;Historical,Samurai; R - 17+ (violence & profanity)  ;98;8.50;Shounen;2004
117;Shingeki no Kyojin Season 2;25777;TV;12;24 min. per ep.;Wit Studio;Manga;Action,Drama,Fantasy,Mystery;Military,Super Power; R - 17+ (violence & profanity)  ;12;8.49;Shounen;2017
118;Gintama: The Semi-Final;44087;Special;2;24 min. per ep.;Bandai Namco Pictures;Manga;Action,Comedy;Historical,Parody,Samurai; PG-13 - Teens 13 or older  ;2659;8.49;Shounen;2021
119;Chihayafuru 3;37379;TV;24;22 min. per ep.;Madhouse;Manga;Drama,Slice of Life,Sports;Game,School; PG-13 - Teens 13 or older  ;1498;8.48;Josei;2019
120;Kono Subarashii Sekai ni Shukufuku wo! Movie: Kurenai Densetsu;38040;Movie;1;1 hr. 30 min.;J.C.Staff;Light;Adventure,Comedy,Fantasy,Supernatural;N\A; PG-13 - Teens 13 or older  ;255;8.48;N\A;2019
121;Mo Dao Zu Shi;37208;ONA;15;25 min. per ep.;B.CMAY PICTURES;Web;Action,Adventure,Mystery,Supernatural;N\A; R - 17+ (violence & profanity)  ;1005;8.48;N\A;2018
122;Mob Psycho 100;32182;TV;12;24 min. per ep.;Bones;Web;Action,Comedy,Slice of Life,Supernatural;N\A; PG-13 - Teens 13 or older  ;35;8.48;N\A;2016
123;Vivy: Fluorite Eye's Song;46095;TV;13;24 min. per ep.;Wit Studio;Original;Action,Sci-Fi,Suspense;N\A; R - 17+ (violence & profanity)  ;503;8.48;N\A;2021
124;Zoku Owarimonogatari;36999;Movie;6;28 min. per ep.;Shaft;Light;Comedy,Mystery,Supernatural;N\A; R - 17+ (violence & profanity)  ;985;8.47;N\A;2018
125;Nichijou;10165;TV;26;23 min. per ep.;Kyoto Animation;Manga;Comedy,Slice of Life;N\A; PG-13 - Teens 13 or older  ;169;8.46;Shounen;2011
126;Owarimonogatari;31181;TV;12;26 min. per ep.;Shaft;Light;Comedy,Mystery,Supernatural;N\A; R - 17+ (violence & profanity)  ;411;8.46;N\A;2015
127;Saenai Heroine no Sodatekata Fine;36885;Movie;1;1 hr. 54 min.;CloverWorks;Light;Comedy,Romance,Ecchi;Harem,School; PG-13 - Teens 13 or older  ;1288;8.46;N\A;2019
128;"Steins;Gate Movie: Fuka Ryouiki no Déjà vu";11577;Movie;1;1 hr. 30 min.;White Fox;Visual;Drama,Sci-Fi;N\A; PG-13 - Teens 13 or older  ;327;8.46;N\A;2013
129;Haikyuu!!;20583;TV;25;24 min. per ep.;Production I.G;Manga;Comedy,Drama,Sports;N\A; PG-13 - Teens 13 or older  ;37;8.46;Shounen;2014
130;Mahou Shoujo Madoka★Magica Movie 3: Hangyaku no Monogatari;11981;Movie;1;1 hr. 56 min.;Shaft;Original;Drama,Mystery,Suspense;N\A; PG-13 - Teens 13 or older  ;544;8.46;N\A;2013
131;Golden Kamuy 3rd Season;40059;TV;12;23 min. per ep.;Geno Studio;Manga;Action,Adventure;N\A; R - 17+ (violence & profanity)  ;1504;8.45;Seinen;2020
132;Mo Dao Zu Shi: Xian Yun Pian;38450;ONA;8;24 min. per ep.;B.CMAY PICTURES;Web;Action,Mystery,Supernatural;N\A; R - 17+ (violence & profanity)  ;1949;8.45;N\A;2019
133;Mushishi Zoku Shou: Odoro no Michi;24687;Special;1;47 min.;Artland;Manga;Adventure,Fantasy,Mystery,Slice of Life,Supernatural;N\A; PG-13 - Teens 13 or older  ;1825;8.45;Seinen;2014
134;Yuu☆Yuu☆Hakusho;392;TV;112;24 min. per ep.;Studio Pierrot;Manga;Action,Comedy,Supernatural;Demons,Martial Arts; PG-13 - Teens 13 or older  ;278;8.45;Shounen;1992
135;Saiki Kusuo no Ψ-nan 2;34612;TV;24;24 min. per ep.;J.C.Staff,Egg Firm;Manga;Comedy,Slice of Life,Supernatural;N\A; PG-13 - Teens 13 or older  ;337;8.44;Shounen;2018
136;Wu Liuqi Zhi Xuanwu Guo Pian;45556;ONA;10;16 min. per ep.;add some;Original;Action,Adventure,Comedy,Drama,Mystery;Martial Arts,Super Power; R - 17+ (violence & profanity)  ;3884;8.44;N\A;2021
137;Gintama: Yorinuki Gintama-san on Theater 2D;21899;Movie;2;1 hr. 36 min. per ep.;Sunrise;Manga;Action,Comedy,Sci-Fi;Historical,Parody,Samurai; PG-13 - Teens 13 or older  ;2980;8.44;Shounen;2012
138;JoJo no Kimyou na Bouken Part 3: Stardust Crusaders 2nd Season;26055;TV;24;23 min. per ep.;David Production;Manga;Action,Adventure,Drama,Supernatural;N\A; R - 17+ (violence & profanity)  ;135;8.44;Shounen;2015
139;Karakai Jouzu no Takagi-san 3;49721;TV;12;24 min. per ep.;Shin-Ei Animation;Manga;Comedy,Romance,Slice of Life;N\A; PG-13 - Teens 13 or older  ;1670;8.44;Shounen;2022
140;Grand Blue;37105;TV;12;24 min. per ep.;Zero-G;Manga;Comedy,Slice of Life;N\A; PG-13 - Teens 13 or older  ;259;8.43;Seinen;2018
141;Kono Oto Tomare! 2nd Season;38889;TV;13;23 min. per ep.;Platinum Vision;Manga;Drama,Romance;Music,School; PG-13 - Teens 13 or older  ;1382;8.43;Shounen;2019
142;Koukaku Kidoutai: Stand Alone Complex;467;TV;26;25 min. per ep.;Production I.G;Manga;Action,Sci-Fi;Mecha,Military,Police; R - 17+ (violence & profanity)  ;490;8.43;Seinen;2002
143;Mononoke;2246;TV;12;22 min. per ep.;Toei Animation;Original;Fantasy,Horror,Mystery,Supernatural;Demons,Historical,Psychological; R - 17+ (violence & profanity)  ;701;8.43;Seinen;2007
144;Saiki Kusuo no Ψ-nan;33255;TV;120;5 min. per ep.;J.C.Staff,Egg Firm;Manga;Comedy,Slice of Life,Supernatural;N\A; PG-13 - Teens 13 or older  ;139;8.43;Shounen;2016
145;Natsume Yuujinchou Movie: Utsusemi ni Musubu;36538;Movie;1;1 hr. 44 min.;Shuka;Manga;Drama,Slice of Life,Supernatural;N\A; PG-13 - Teens 13 or older  ;2379;8.42;Shoujo;2018
146;Sayonara no Asa ni Yakusoku no Hana wo Kazarou;35851;Movie;1;1 hr. 55 min.;P.A. Works;Original;Drama,Fantasy;N\A; PG-13 - Teens 13 or older  ;525;8.42;N\A;2018
147;86 Part 2;48569;TV;12;23 min. per ep.;A-1 Pictures;Light;Action,Drama,Sci-Fi;Mecha,Military; R - 17+ (violence & profanity)  ;782;8.42;N\A;2021
148;Fumetsu no Anata e;41025;TV;20;25 min. per ep.;Brain's Base;Manga;Adventure,Drama,Supernatural;N\A; R - 17+ (violence & profanity)  ;261;8.42;Shounen;2021
149;Holo no Graffiti;44042;ONA;Unknown;1 min.;Hololive Production;Other;N\A;N\A; PG-13 - Teens 13 or older  ;2782;8.42;N\A;2019
150;Major S5;5028;TV;25;24 min. per ep.;SynergySP;Manga;Comedy,Drama,Romance,Sports;N\A; PG-13 - Teens 13 or older  ;2231;8.42;Shounen;2009
151;Doupo Cangqiong: San Nian Zhi Yue;49701;ONA;13;24 min. per ep.;Motion Magic;Novel;Action,Fantasy;N\A; PG-13 - Teens 13 or older  ;8699;8.41;N\A;2021
152;Kara no Kyoukai 7: Satsujin Kousatsu (Go);5205;Movie;1;2 hr. 1 min.;ufotable;Light;Action,Mystery,Romance,Supernatural,Suspense;N\A; R - 17+ (violence & profanity)  ;997;8.41;N\A;2009
153;Kaze ga Tsuyoku Fuiteiru;37965;TV;23;23 min. per ep.;Production I.G;Novel;Drama,Sports;N\A; PG-13 - Teens 13 or older  ;750;8.41;N\A;2018
154;Kobayashi-san Chi no Maid Dragon S;39247;TV;12;23 min. per ep.;Kyoto Animation;Manga;Comedy,Fantasy,Slice of Life;N\A; PG-13 - Teens 13 or older  ;426;8.41;N\A;2021
155;Non Non Biyori Nonstop;39808;TV;12;24 min. per ep.;SILVER LINK.;Manga;Comedy,Slice of Life;N\A; PG-13 - Teens 13 or older  ;1776;8.41;Seinen;2021
156;Shingeki no Kyojin: Kuinaki Sentaku;25781;OVA;2;27 min. per ep.;Wit Studio;Visual;Action,Fantasy;N\A; R - 17+ (violence & profanity)  ;406;8.41;Shoujo;2014
157;Tensei shitara Slime Datta Ken 2nd Season;39551;TV;12;23 min. per ep.;8bit;Light;Action,Adventure,Comedy,Fantasy;N\A; PG-13 - Teens 13 or older  ;222;8.41;N\A;2021
158;Violet Evergarden Gaiden: Eien to Jidou Shuki Ningyou;39741;Movie;1;1 hr. 31 min.;Kyoto Animation;Light;Drama,Fantasy,Slice of Life;N\A; PG-13 - Teens 13 or older  ;612;8.41;N\A;2019
159;Natsume Yuujinchou Roku Specials;36275;Special;2;23 min. per ep.;Shuka;Manga;Drama,Slice of Life,Supernatural;N\A; PG-13 - Teens 13 or older  ;2951;8.40;Shoujo;2017
160;3-gatsu no Lion;31646;TV;22;25 min. per ep.;Shaft;Manga;Drama,Slice of Life;N\A; PG-13 - Teens 13 or older  ;276;8.40;Seinen;2016
161;Chihayafuru 2;14397;TV;25;22 min. per ep.;Madhouse;Manga;Drama,Slice of Life,Sports;Game,School; PG-13 - Teens 13 or older  ;899;8.40;Josei;2013
162;Cross Game;5941;TV;50;23 min. per ep.;SynergySP;Manga;Comedy,Drama,Romance,Sports;N\A; PG-13 - Teens 13 or older  ;1521;8.40;Shounen;2009
163;Gintama°: Aizome Kaori-hen;32366;OVA;2;26 min. per ep.;Bandai Namco Pictures;Manga;N\A;N\A; PG-13 - Teens 13 or older  ;2070;8.40;N\A;2016
164;Houseki no Kuni (TV);35557;TV;12;24 min. per ep.;Orange;Manga;Action,Drama,Fantasy,Mystery;N\A; PG-13 - Teens 13 or older  ;469;8.40;Seinen;2017
165;Hunter x Hunter;136;TV;62;23 min. per ep.;Nippon Animation;Manga;Action,Adventure,Fantasy;N\A; PG-13 - Teens 13 or older  ;339;8.40;Shounen;1999
166;Kaguya-sama wa Kokurasetai: Tensai-tachi no Renai Zunousen;37999;TV;12;25 min. per ep.;A-1 Pictures;Manga;Comedy,Romance;Psychological,School; PG-13 - Teens 13 or older  ;66;8.40;Seinen;2019
167;Baccano!;2251;TV;13;24 min. per ep.;Brain's Base;Light;Action,Comedy,Mystery,Supernatural;N\A; R - 17+ (violence & profanity)  ;155;8.39;N\A;2007
168;Barakamon;22789;TV;12;22 min. per ep.;Kinema Citrus;Web;Comedy,Slice of Life;N\A; PG-13 - Teens 13 or older  ;272;8.39;N\A;2014
169;Tian Guan Ci Fu;40730;ONA;11;25 min. per ep.;Haoliners Animation League;Web;Action,Adventure,Drama,Supernatural;N\A; PG-13 - Teens 13 or older  ;1958;8.39;N\A;2020
170;Usagi Drop;10162;TV;11;22 min. per ep.;Production I.G;Manga;N\A;N\A; PG-13 - Teens 13 or older  ;387;8.39;Josei;2011
171;Yahari Ore no Seishun Love Comedy wa Machigatteiru. Kan;39547;TV;12;24 min. per ep.;feel.;Light;Comedy,Drama,Romance,Slice of Life;N\A; PG-13 - Teens 13 or older  ;288;8.39;N\A;2020
172;Re:Zero kara Hajimeru Isekai Seikatsu 2nd Season;39587;TV;13;27 min. per ep.;White Fox;Light;Drama,Fantasy,Suspense;N\A; R - 17+ (violence & profanity)  ;131;8.38;N\A;2020
173;Cowboy Bebop: Tengoku no Tobira;5;Movie;1;1 hr. 55 min.;Bones;Original;Action,Drama,Mystery,Sci-Fi;N\A; R - 17+ (violence & profanity)  ;552;8.38;N\A;2001
174;Kamisama Hajimemashita: Kako-hen;30709;OVA;4;30 min. per ep.;TMS Entertainment;Manga;Comedy,Fantasy,Romance,Supernatural;N\A; PG-13 - Teens 13 or older  ;1293;8.38;Shoujo;2015
175;Kizumonogatari I: Tekketsu-hen;9260;Movie;1;1 hr. 4 min.;Shaft;Light;N\A;N\A; R - 17+ (violence & profanity)  ;375;8.38;N\A;2016
176;Mahou Shoujo Madoka★Magica Movie 2: Eien no Monogatari;11979;Movie;1;1 hr. 49 min.;Shaft;Original;Drama,Suspense;N\A; PG-13 - Teens 13 or older  ;1016;8.38;N\A;2012
177;Hellsing Ultimate;777;OVA;10;49 min. per ep.;Madhouse,Satelight,Graphinica;Manga;Action,Horror,Supernatural;Military,Vampire; R - 17+ (violence & profanity)  ;161;8.37;Seinen;2006
178;Kaze no Tani no Nausicaä;572;Movie;1;1 hr. 57 min.;Topcraft;Manga;Adventure,Fantasy;N\A; PG-13 - Teens 13 or older  ;563;8.37;N\A;1984
179;Kimetsu no Yaiba: Mugen Ressha-hen;49926;TV;7;24 min. per ep.;ufotable;Manga;Action,Supernatural;Demons,Historical; R - 17+ (violence & profanity)  ;519;8.37;Shounen;2021
180;Mushoku Tensei: Isekai Ittara Honki Dasu;39535;TV;11;23 min. per ep.;Studio Bind;Light;Drama,Fantasy,Ecchi;N\A; R - 17+ (violence & profanity)  ;143;8.37;N\A;2021
181;Bakuman. 2nd Season;10030;TV;25;24 min. per ep.;J.C.Staff;Manga;Comedy,Drama,Romance;N\A; PG-13 - Teens 13 or older  ;560;8.36;Shounen;2011
182;Kingdom 2nd Season;17389;TV;39;25 min. per ep.;Studio Pierrot;Manga;N\A;Historical,Military; R - 17+ (violence & profanity)  ;1723;8.36;Seinen;2013
183;Mahou Shoujo Madoka★Magica;9756;TV;12;24 min. per ep.;Shaft;Original;Drama,Suspense;N\A; PG-13 - Teens 13 or older  ;89;8.36;N\A;2011
184;Given;39533;TV;11;22 min. per ep.;Lerche;Manga;Boys Love,Drama,Romance,Slice of Life;N\A; PG-13 - Teens 13 or older  ;395;8.35;N\A;2019
185;Haikyuu!!: To the Top;38883;TV;13;24 min. per ep.;Production I.G;Manga;Comedy,Drama,Sports;N\A; PG-13 - Teens 13 or older  ;188;8.35;Shounen;2020
186;Kiseijuu: Sei no Kakuritsu;22535;TV;24;23 min. per ep.;Madhouse;Manga;Action,Drama,Horror,Sci-Fi;N\A; R - 17+ (violence & profanity)  ;41;8.35;Seinen;2014
187;Psycho-Pass;13601;TV;22;23 min. per ep.;Production I.G;Original;Action,Sci-Fi,Suspense;Police,Psychological; R - 17+ (violence & profanity)  ;53;8.35;N\A;2012
188;Shoujo☆Kageki Revue Starlight Movie;40664;Movie;1;2 hr.;Kinema Citrus;Original;N\A;Music,School; PG-13 - Teens 13 or older  ;6667;8.35;N\A;2021
189;Natsume Yuujinchou: Itsuka Yuki no Hi ni;20651;OVA;1;23 min.;Brain's Base;Manga;Drama,Slice of Life,Supernatural;N\A; PG-13 - Teens 13 or older  ;2086;8.34;Shoujo;2014
190;Neon Genesis Evangelion;30;TV;26;24 min. per ep.;Gainax,Tatsunoko Production;Original;Action,Avant Garde,Drama,Sci-Fi;Mecha,Psychological; PG-13 - Teens 13 or older  ;49;8.34;N\A;1995
191;One Outs;5040;TV;25;23 min. per ep.;Madhouse;Manga;N\A;N\A; PG-13 - Teens 13 or older  ;901;8.34;Seinen;2008
192;Uchuu Senkan Yamato 2199;12029;OVA;26;25 min. per ep.;Xebec,AIC;Original;Action,Drama,Sci-Fi;Military,Space; PG-13 - Teens 13 or older  ;1647;8.34;N\A;2012
193;Versailles no Bara;338;TV;40;24 min. per ep.;Tokyo Movie Shinsha;Manga;Drama,Romance;Historical,Military; PG-13 - Teens 13 or older  ;1930;8.34;Shoujo;1979
194;Ano Hi Mita Hana no Namae wo Bokutachi wa Mada Shiranai.;9989;TV;11;22 min. per ep.;A-1 Pictures;Original;Drama,Slice of Life,Supernatural;N\A; PG-13 - Teens 13 or older  ;55;8.34;N\A;2011
195;Bakemonogatari;5081;TV;15;25 min. per ep.;Shaft;Light;Mystery,Romance,Supernatural;N\A; R - 17+ (violence & profanity)  ;79;8.34;N\A;2009
196;Gintama: Shiroyasha Koutan;6945;Special;1;10 min.;Sunrise;Manga;Action,Comedy,Sci-Fi;Historical,Parody; PG-13 - Teens 13 or older  ;2286;8.34;N\A;2008
197;K-On! Movie;9617;Movie;1;1 hr. 50 min.;Kyoto Animation;4-koma;Comedy,Slice of Life;N\A; PG-13 - Teens 13 or older  ;644;8.34;N\A;2011
198;Made in Abyss Movie 2: Hourou Suru Tasogare;37515;Movie;1;1 hr. 45 min.;Kinema Citrus;Web;Adventure,Drama,Fantasy,Mystery,Sci-Fi;N\A; R - 17+ (violence & profanity)  ;1833;8.34;N\A;2019
199;Major S6;7655;TV;25;24 min. per ep.;SynergySP;Manga;Comedy,Drama,Sports;N\A; PG-13 - Teens 13 or older  ;2413;8.34;Shounen;2010
200;Katanagatari;6594;TV;12;50 min. per ep.;White Fox;Light;Action,Adventure,Romance;Historical,Martial Arts; R - 17+ (violence & profanity)  ;340;8.33;N\A;2010
201;Kemono no Souja Erin;5420;TV;50;25 min. per ep.;Production I.G,Trans Arts;Novel;Drama,Fantasy,Slice of Life;N\A; PG-13 - Teens 13 or older  ;1995;8.33;N\A;2009
202;Mobile Suit Gundam: The Origin;10937;OVA;6;1 hr. 11 min. per ep.;Sunrise;Manga;Action,Sci-Fi;Mecha,Military,Space; R+ - Mild Nudity  ;2292;8.33;Shounen;2015
203;Ookami to Koushinryou II;5341;TV;12;24 min. per ep.;Brain's Base,Marvy Jack;Light;Adventure,Fantasy,Romance;N\A; PG-13 - Teens 13 or older  ;389;8.33;N\A;2009
204;Romeo no Aoi Sora;2559;TV;33;23 min. per ep.;Nippon Animation;Novel;Adventure,Drama,Slice of Life;N\A; PG-13 - Teens 13 or older  ;2767;8.33;N\A;1995
205;Sakamichi no Apollon;12531;TV;12;22 min. per ep.;Tezuka Productions,MAPPA;Manga;Drama,Romance;Music,School; PG-13 - Teens 13 or older  ;536;8.33;Josei;2012
206;Tenki no Ko;38826;Movie;1;1 hr. 52 min.;CoMix Wave Films;Original;Drama,Fantasy,Romance,Slice of Life;N\A; PG-13 - Teens 13 or older  ;174;8.33;N\A;2019
207;World Trigger 3rd Season;44940;TV;14;23 min. per ep.;Toei Animation;Manga;Action,Sci-Fi,Supernatural;N\A; PG-13 - Teens 13 or older  ;2098;8.33;Shounen;2021
208;Natsume Yuujinchou;4081;TV;13;24 min. per ep.;Brain's Base;Manga;Drama,Slice of Life,Supernatural;N\A; PG-13 - Teens 13 or older  ;362;8.32;Shoujo;2008
209;Natsume Yuujinchou Go Specials;34534;Special;2;23 min. per ep.;Shuka;Manga;Drama,Slice of Life,Supernatural;N\A; PG-13 - Teens 13 or older  ;2962;8.32;Shoujo;2017
210;NHK ni Youkoso!;1210;TV;24;24 min. per ep.;Gonzo;Novel;Comedy,Drama,Romance;N\A; R+ - Mild Nudity  ;240;8.32;N\A;2006
211;"Violet Evergarden: Kitto ""Ai"" wo Shiru Hi ga Kuru no Darou";37095;Special;1;34 min.;Kyoto Animation;Light;Drama,Fantasy,Slice of Life;N\A; PG-13 - Teens 13 or older  ;726;8.32;N\A;2018
212;Boku dake ga Inai Machi;31043;TV;12;23 min. per ep.;A-1 Pictures;Manga;Mystery,Supernatural;N\A; R - 17+ (violence & profanity)  ;30;8.32;Seinen;2016
213;Evangelion: 2.0 You Can (Not) Advance;3784;Movie;1;1 hr. 52 min.;Khara;Original;Action,Drama,Sci-Fi;Mecha,Psychological; PG-13 - Teens 13 or older  ;379;8.32;N\A;2009
214;Fate/stay night: Unlimited Blade Works 2nd Season;28701;TV;13;24 min. per ep.;ufotable;Visual;Action,Fantasy,Supernatural;N\A; R - 17+ (violence & profanity)  ;179;8.32;N\A;2015
215;Hotarubi no Mori e;10408;Movie;1;45 min.;Brain's Base;Manga;Drama,Romance,Supernatural;N\A; G - All Ages  ;204;8.32;Shoujo;2011
216;Doukyuusei (Movie);30346;Movie;1;1 hr.;A-1 Pictures;Manga;Boys Love,Romance,Slice of Life;N\A; PG-13 - Teens 13 or older  ;859;8.31;N\A;2016
217;Douluo Dalu: Xiaowu Juebie;42498;ONA;13;20 min. per ep.;Sparkly Key Animation Studio;Novel;Action,Adventure,Fantasy,Romance;Historical,Martial Arts; PG-13 - Teens 13 or older  ;6044;8.31;N\A;2020
218;Hunter x Hunter: Original Video Animation;137;OVA;8;24 min. per ep.;Nippon Animation;Manga;Action,Adventure;N\A; PG-13 - Teens 13 or older  ;1508;8.31;Shounen;2002
219;Kuroko no Basket 3rd Season;24415;TV;25;24 min. per ep.;Production I.G;Manga;Comedy,Sports;N\A; PG-13 - Teens 13 or older  ;235;8.31;Shounen;2015
220;Major: World Series;11917;OVA;2;28 min. per ep.;SynergySP;Manga;Comedy,Drama,Sports;N\A; PG-13 - Teens 13 or older  ;3225;8.31;Shounen;2011
221;Shinsekai yori;13125;TV;25;22 min. per ep.;A-1 Pictures;Novel;Drama,Horror,Mystery,Sci-Fi,Supernatural;N\A; R - 17+ (violence & profanity)  ;207;8.31;N\A;2012
222;Shirobako;25835;TV;24;24 min. per ep.;P.A. Works;Original;Comedy,Drama;N\A; PG-13 - Teens 13 or older  ;435;8.31;N\A;2014
223;Sono Bisque Doll wa Koi wo Suru;48736;TV;12;23 min. per ep.;CloverWorks;Manga;Romance,Slice of Life;N\A; PG-13 - Teens 13 or older  ;410;8.31;Seinen;2022
224;Tensei shitara Slime Datta Ken 2nd Season Part 2;41487;TV;12;23 min. per ep.;8bit;Manga;Action,Adventure,Comedy,Fantasy;N\A; PG-13 - Teens 13 or older  ;370;8.31;N\A;2021
225;Rurouni Kenshin: Meiji Kenkaku Romantan;45;TV;94;25 min. per ep.;Gallop,Studio Deen;Manga;Action,Adventure,Comedy,Romance;Historical,Samurai; PG-13 - Teens 13 or older  ;393;8.30;Shounen;1996
226;"Steins;Gate: Oukoubakko no Poriomania";10863;Special;1;24 min.;White Fox;Visual;Comedy,Sci-Fi;N\A; PG-13 - Teens 13 or older  ;448;8.30;N\A;2012
227;Beck;57;TV;26;25 min. per ep.;Madhouse;Manga;Comedy,Drama,Slice of Life;N\A; R - 17+ (violence & profanity)  ;614;8.30;Shounen;2004
228;Detective Conan Movie 06: The Phantom of Baker Street;1365;Movie;1;1 hr. 47 min.;TMS Entertainment;Manga;Adventure,Mystery;N\A; PG-13 - Teens 13 or older  ;2164;8.30;Shounen;2002
229;Diamond no Ace: Second Season;30230;TV;51;24 min. per ep.;Production I.G,Madhouse;Manga;Comedy,Sports;N\A; PG-13 - Teens 13 or older  ;1456;8.30;Shounen;2015
230;Dr. Stone;38691;TV;24;24 min. per ep.;TMS Entertainment;Manga;Adventure,Comedy,Sci-Fi;N\A; PG-13 - Teens 13 or older  ;60;8.30;Shounen;2019
231;Fate/Zero;10087;TV;13;28 min. per ep.;ufotable;Light;Action,Fantasy,Supernatural;N\A; R - 17+ (violence & profanity)  ;69;8.30;N\A;2011
232;Hibike! Euphonium 2;31988;TV;13;23 min. per ep.;Kyoto Animation;Novel;N\A;Music,School; PG-13 - Teens 13 or older  ;965;8.30;N\A;2016
233;Initial D First Stage;185;TV;26;25 min. per ep.;Gallop,Studio Comet;Manga;Action,Drama,Sports;N\A; PG-13 - Teens 13 or older  ;624;8.30;Seinen;1998
234;Kino no Tabi: The Beautiful World;486;TV;13;24 min. per ep.;A.C.G.T.;Light;Action,Adventure,Slice of Life;N\A; R - 17+ (violence & profanity)  ;706;8.30;N\A;2003
235;Gintama: Shinyaku Benizakura-hen;9735;Special;1;11 min.;Sunrise;Manga;Action,Comedy,Sci-Fi;Historical,Parody,Samurai; PG-13 - Teens 13 or older  ;3006;8.29;Shounen;2010
236;Nodame Cantabile;1698;TV;23;22 min. per ep.;J.C.Staff;Manga;Comedy,Drama,Romance,Slice of Life;N\A; PG-13 - Teens 13 or older  ;637;8.29;Josei;2007
237;Redline;6675;Movie;1;1 hr. 42 min.;Madhouse;Original;Action,Sci-Fi,Sports;N\A; R+ - Mild Nudity  ;569;8.29;N\A;2009
238;Seishun Buta Yarou wa Bunny Girl Senpai no Yume wo Minai;37450;TV;13;24 min. per ep.;CloverWorks;Light;Comedy,Drama,Romance,Supernatural;N\A; PG-13 - Teens 13 or older  ;59;8.29;N\A;2018
239;Tsubasa: Tokyo Revelations;2685;OVA;3;30 min. per ep.;Production I.G;Manga;Action,Adventure,Drama,Fantasy,Romance;N\A; R - 17+ (violence & profanity)  ;1826;8.29;Shounen;2007
240;Planetes;329;TV;26;25 min. per ep.;Sunrise;Manga;Drama,Romance,Sci-Fi;N\A; PG-13 - Teens 13 or older  ;850;8.28;Seinen;2003
241;Stranger: Mukou Hadan;2418;Movie;1;1 hr. 43 min.;Bones;Original;Action,Adventure;Historical,Samurai; R - 17+ (violence & profanity)  ;616;8.28;N\A;2007
242;Tokyo Godfathers;759;Movie;1;1 hr. 32 min.;Madhouse;Original;Comedy,Drama;N\A; PG-13 - Teens 13 or older  ;783;8.28;N\A;2003
243;Ashita no Joe;2402;TV;79;25 min. per ep.;Mushi Production;Manga;Action,Drama,Slice of Life,Sports;N\A; PG-13 - Teens 13 or older  ;2058;8.28;Shounen;1970
244;Bakemono no Ko;28805;Movie;1;1 hr. 59 min.;Studio Chizu;Original;Adventure,Supernatural;N\A; PG-13 - Teens 13 or older  ;485;8.28;N\A;2015
245;Gin no Saji 2nd Season;19363;TV;11;24 min. per ep.;A-1 Pictures;Manga;Comedy,Slice of Life;N\A; PG-13 - Teens 13 or older  ;1345;8.28;Shounen;2014
246;Great Pretender;40052;TV;23;23 min. per ep.;Wit Studio;Original;Action,Adventure,Comedy,Mystery;N\A; R - 17+ (violence & profanity)  ;357;8.28;N\A;2020
247;Gyakkyou Burai Kaiji: Ultimate Survivor;3002;TV;26;23 min. per ep.;Madhouse;Manga;N\A;Game,Psychological; R - 17+ (violence & profanity)  ;597;8.28;Seinen;2007
248;Kono Subarashii Sekai ni Shukufuku wo! 2;32937;TV;10;23 min. per ep.;Studio Deen;Light;Adventure,Comedy,Fantasy,Supernatural;N\A; PG-13 - Teens 13 or older  ;77;8.28;N\A;2017
249;Koukaku Kidoutai;43;Movie;1;1 hr. 22 min.;Production I.G;Manga;Action,Sci-Fi;Mecha,Police,Psychological; R+ - Mild Nudity  ;317;8.28;Seinen;1995
250;Hajime no Ippo: Champion Road;264;Special;1;1 hr. 30 min.;Madhouse;Manga;Comedy,Sports;N\A; PG-13 - Teens 13 or older  ;1525;8.27;Shounen;2003
251;Tenkuu no Shiro Laputa;513;Movie;1;2 hr. 4 min.;Studio Ghibli;Original;Adventure,Fantasy,Romance,Sci-Fi;N\A; PG - Children  ;429;8.27;N\A;1986
252;Wu Liuqi Zhi Zui Qiang Fa Xing Shi;40784;ONA;10;16 min. per ep.;add some;Original;Action,Comedy,Drama,Mystery;Martial Arts,Super Power; PG-13 - Teens 13 or older  ;3037;8.27;N\A;2019
253;Yuru Camp△;34798;TV;12;23 min. per ep.;C-Station;Manga;Comedy,Slice of Life;N\A; PG-13 - Teens 13 or older  ;438;8.27;N\A;2018
254;Non Non Biyori Movie: Vacation;36990;Movie;1;1 hr. 11 min.;SILVER LINK.;Manga;Comedy,Slice of Life;N\A; PG-13 - Teens 13 or older  ;2237;8.26;Seinen;2018
255;Space☆Dandy 2nd Season;23327;TV;13;24 min. per ep.;Bones;Original;Comedy,Sci-Fi;N\A; PG-13 - Teens 13 or older  ;1240;8.26;N\A;2014
256;Stand By Me Doraemon 2;40853;Movie;1;1 hr. 35 min.;Shirogumi,Shin-Ei Animation;Manga;Comedy,Sci-Fi;N\A; PG - Children  ;5009;8.26;N\A;2020
257;Tonari no Totoro;523;Movie;1;1 hr. 26 min.;Studio Ghibli;Original;Adventure,Supernatural;N\A; G - All Ages  ;130;8.26;N\A;1988
258;Hunter x Hunter: Greed Island Final;139;OVA;14;24 min. per ep.;Nippon Animation;Manga;Action,Adventure,Fantasy;N\A; PG-13 - Teens 13 or older  ;1389;8.26;Shounen;2004
259;Initial D Final Stage;22507;TV;4;27 min. per ep.;SynergySP;Manga;N\A;N\A; PG-13 - Teens 13 or older  ;1542;8.26;Seinen;2014
260;Luo Xiao Hei Zhan Ji (Movie);40211;Movie;1;1 hr. 41 min.;add some;Original;Adventure,Drama,Fantasy;N\A; G - All Ages  ;4806;8.26;N\A;2019
261;Danshi Koukousei no Nichijou;11843;TV;12;24 min. per ep.;Sunrise;Web;Comedy,Slice of Life;N\A; PG-13 - Teens 13 or older  ;199;8.25;N\A;2012
262;Diamond no Ace: Act II;38731;TV;52;24 min. per ep.;Madhouse;Manga;Comedy,Sports;N\A; PG-13 - Teens 13 or older  ;2076;8.25;Shounen;2019
263;Gyakkyou Burai Kaiji: Hakairoku-hen;10271;TV;26;24 min. per ep.;Madhouse;Manga;N\A;Game,Psychological; R - 17+ (violence & profanity)  ;1102;8.25;Seinen;2011
264;Kuroshitsuji Movie: Book of the Atlantic;31812;Movie;1;1 hr. 40 min.;A-1 Pictures;Manga;Action,Comedy,Mystery,Supernatural;Demons,Historical; R - 17+ (violence & profanity)  ;1129;8.25;Shounen;2017
265;Nodame Cantabile: Finale;5690;TV;11;22 min. per ep.;J.C.Staff;Manga;Comedy,Romance;N\A; PG-13 - Teens 13 or older  ;1451;8.25;Josei;2010
266;Quanzhi Gaoshou Specials;37078;ONA;3;27 min. per ep.;Tencent Animation & Comics,China Literature Limited,Colored Pencil Animation;Novel;N\A;N\A; PG-13 - Teens 13 or older  ;1772;8.25;N\A;2018
267;Re:Zero kara Hajimeru Isekai Seikatsu;31240;TV;25;25 min. per ep.;White Fox;Light;Drama,Fantasy,Suspense;N\A; R - 17+ (violence & profanity)  ;22;8.25;N\A;2016
268;Sennen Joyuu;1033;Movie;1;1 hr. 26 min.;Madhouse;Original;Action,Adventure,Drama,Fantasy,Romance;N\A; PG-13 - Teens 13 or older  ;1217;8.25;N\A;2002
269;Youjo Senki Movie;37055;Movie;1;1 hr. 38 min.;Nut;Light;N\A;N\A; R - 17+ (violence & profanity)  ;871;8.25;N\A;2019
270;Ookami to Koushinryou;2966;TV;13;24 min. per ep.;Imagin;Light;Adventure,Fantasy,Romance;N\A; PG-13 - Teens 13 or older  ;189;8.24;N\A;2008
271;"Steins;Gate: Kyoukaimenjou no Missing Link - Divide By Zero";32188;Special;1;24 min.;White Fox;Visual;Sci-Fi,Suspense;N\A; PG-13 - Teens 13 or older  ;856;8.24;N\A;2015
272;Tokyo Revengers;42249;TV;24;23 min. per ep.;LIDENFILMS;Manga;Action,Drama,Supernatural;N\A; R - 17+ (violence & profanity)  ;163;8.24;Shounen;2021
273;IDOLiSH7: Third Beat!;45577;TV;13;24 min. per ep.;TROYCA;Game;N\A;N\A; PG-13 - Teens 13 or older  ;4875;8.24;N\A;2021
274;Major S3;1842;TV;26;25 min. per ep.;Studio Hibari;Manga;Drama,Sports;N\A; PG-13 - Teens 13 or older  ;2265;8.24;Shounen;2007
275;Detective Conan: Episode One - The Great Detective Turned Small;34036;Special;1;1 hr. 33 min.;TMS Entertainment;Manga;Adventure,Comedy,Mystery;N\A; PG-13 - Teens 13 or older  ;3625;8.23;Shounen;2016
276;Dororo;37520;TV;24;24 min. per ep.;Tezuka Productions,MAPPA;Manga;Action,Adventure,Supernatural;Demons,Historical,Samurai; R - 17+ (violence & profanity)  ;119;8.23;Shounen;2019
277;Douluo Dalu: Xingdou Xian Ji Pian;42977;ONA;13;20 min. per ep.;Sparkly Key Animation Studio;Novel;Action,Adventure,Fantasy,Romance;Historical,Martial Arts; PG-13 - Teens 13 or older  ;7529;8.23;N\A;2020
278;Golden Kamuy 2nd Season;37989;TV;12;23 min. per ep.;Geno Studio;Manga;Action,Adventure;N\A; R - 17+ (violence & profanity)  ;1207;8.23;Seinen;2018
279;Hachimitsu to Clover II;1142;TV;12;23 min. per ep.;J.C.Staff;Manga;Drama,Romance,Slice of Life;N\A; PG-13 - Teens 13 or older  ;1703;8.23;Josei;2006
280;Hajime no Ippo: Mashiba vs. Kimura;265;OVA;1;1 hr. 1 min.;Madhouse;Manga;Comedy,Sports;N\A; PG-13 - Teens 13 or older  ;1810;8.23;Shounen;2003
281;Kuroko no Basket 2nd Season;16894;TV;25;24 min. per ep.;Production I.G;Manga;Comedy,Sports;N\A; PG-13 - Teens 13 or older  ;186;8.23;Shounen;2013
282;Magi: The Kingdom of Magic;18115;TV;25;25 min. per ep.;A-1 Pictures;Manga;Action,Adventure,Fantasy;N\A; PG-13 - Teens 13 or older  ;177;8.23;Shounen;2013
283;Major S1;627;TV;26;25 min. per ep.;Studio Hibari;Manga;Comedy,Drama,Sports;N\A; PG-13 - Teens 13 or older  ;1799;8.23;Shounen;2004
284;Mobile Suit Gundam: Iron-Blooded Orphans 2nd Season;33051;TV;25;24 min. per ep.;Sunrise;Original;Action,Drama,Sci-Fi;Mecha,Space; R - 17+ (violence & profanity)  ;1472;8.23;N\A;2016
285;Naruto: Shippuuden;1735;TV;500;23 min. per ep.;Studio Pierrot;Manga;Action,Adventure,Comedy;Martial Arts,Super Power; PG-13 - Teens 13 or older  ;16;8.23;Shounen;2007
286;No Game No Life: Zero;33674;Movie;1;1 hr. 46 min.;Madhouse;Light;Drama,Fantasy,Romance,Supernatural;N\A; PG-13 - Teens 13 or older  ;178;8.23;N\A;2017
287;One Piece Movie 14: Stampede;38234;Movie;1;1 hr. 41 min.;Toei Animation;Manga;Action,Adventure,Comedy,Drama,Fantasy;N\A; PG-13 - Teens 13 or older  ;1414;8.23;Shounen;2019
288;SKET Dance;9863;TV;77;24 min. per ep.;Tatsunoko Production;Manga;N\A;N\A; PG-13 - Teens 13 or older  ;915;8.23;Shounen;2011
289;xxxHOLiC: Kei;3091;TV;13;24 min. per ep.;Production I.G;Manga;Comedy,Drama,Mystery,Supernatural;N\A; PG-13 - Teens 13 or older  ;1386;8.23;N\A;2008
290;Yahari Ore no Seishun Love Comedy wa Machigatteiru. Zoku;23847;TV;13;24 min. per ep.;feel.;Light;Comedy,Drama,Romance,Slice of Life;N\A; PG-13 - Teens 13 or older  ;129;8.23;N\A;2015
291;Yuukoku no Moriarty 2nd Season;43325;TV;13;23 min. per ep.;Production I.G;Manga;Mystery,Suspense;Historical,Psychological; R - 17+ (violence & profanity)  ;1140;8.23;Shounen;2021
292;Mimi wo Sumaseba;585;Movie;1;1 hr. 51 min.;Studio Ghibli;Manga;Drama,Romance,Slice of Life;N\A; G - All Ages  ;641;8.22;Shoujo;1995
293;Trigun;6;TV;26;24 min. per ep.;Madhouse;Manga;Action,Adventure,Comedy,Drama,Sci-Fi;N\A; PG-13 - Teens 13 or older  ;236;8.22;Shounen;1998
294;Detective Conan Movie 13: The Raven Chaser;5460;Movie;1;1 hr. 51 min.;Tokyo Movie Shinsha;Manga;Action,Mystery;N\A; PG-13 - Teens 13 or older  ;2513;8.22;Shounen;2009
295;Douluo Dalu: Hanhai Qian Kun;44189;ONA;13;21 min. per ep.;Sparkly Key Animation Studio;Novel;Action,Adventure,Fantasy,Romance;Historical,Martial Arts; PG-13 - Teens 13 or older  ;7803;8.22;N\A;2020
296;Fruits Basket 1st Season;38680;TV;25;23 min. per ep.;TMS Entertainment;Manga;Comedy,Drama,Romance,Slice of Life,Supernatural;N\A; PG-13 - Teens 13 or older  ;246;8.22;Shoujo;2019
297;Ginga Eiyuu Densetsu: Die Neue These - Seiran 3;36371;Movie;4;25 min. per ep.;Production I.G;Novel;Action,Drama,Sci-Fi;Military,Space; R - 17+ (violence & profanity)  ;4208;8.22;N\A;2019
298;Kono Sekai no Katasumi ni;15227;Movie;1;2 hr. 48 min.;MAPPA;Manga;N\A;N\A; PG-13 - Teens 13 or older  ;1182;8.22;Seinen;2016
299;Mahou Shoujo Madoka★Magica Movie 1: Hajimari no Monogatari;11977;Movie;1;2 hr. 10 min.;Shaft;Original;Drama,Suspense;N\A; PG-13 - Teens 13 or older  ;1026;8.22;N\A;2012
300;Majo no Takkyuubin;512;Movie;1;1 hr. 43 min.;Studio Ghibli;Novel;Adventure,Comedy,Drama,Fantasy;N\A; G - All Ages  ;359;8.22;N\A;1989
301;Bungou Stray Dogs 3rd Season;38003;TV;12;23 min. per ep.;Bones;Manga;Action,Mystery,Supernatural;N\A; R - 17+ (violence & profanity)  ;368;8.21;Seinen;2019
302;Horimiya;42897;TV;13;23 min. per ep.;CloverWorks;Manga;Comedy,Romance,Slice of Life;N\A; PG-13 - Teens 13 or older  ;134;8.21;Shounen;2021
303;InuYasha: Kanketsu-hen;6811;TV;26;24 min. per ep.;Sunrise;Manga;Action,Adventure,Comedy,Fantasy,Romance,Supernatural;Demons,Historical; PG-13 - Teens 13 or older  ;757;8.21;Shounen;2009
304;Kaguya-hime no Monogatari;16664;Movie;1;2 hr. 17 min.;Studio Ghibli;Other;N\A;N\A; G - All Ages  ;999;8.21;N\A;2013
305;Little Busters!: Refrain;18195;TV;13;24 min. per ep.;J.C.Staff;Visual;Comedy,Drama,Romance,Slice of Life,Supernatural;N\A; PG-13 - Teens 13 or older  ;1227;8.21;N\A;2013
306;Major S2;558;TV;26;25 min. per ep.;Studio Hibari;Manga;Comedy,Drama,Sports;N\A; PG-13 - Teens 13 or older  ;2215;8.21;Shounen;2005
307;Major S4;3226;TV;26;24 min. per ep.;SynergySP;Manga;Comedy,Drama,Sports;N\A; PG-13 - Teens 13 or older  ;2342;8.21;Shounen;2008
308;ReLIFE: Kanketsu-hen;35466;Special;4;23 min. per ep.;TMS Entertainment;Web;Romance,Slice of Life;N\A; PG-13 - Teens 13 or older  ;572;8.21;N\A;2018
309;Saiki Kusuo no Ψ-nan: Kanketsu-hen;38249;Special;1;47 min.;J.C.Staff,Egg Firm;Manga;Comedy,Slice of Life,Supernatural;N\A; PG-13 - Teens 13 or older  ;1068;8.21;Shounen;2018
310;xxxHOLiC: Rou;6864;OVA;2;35 min. per ep.;Production I.G;Manga;Mystery,Supernatural;N\A; PG-13 - Teens 13 or older  ;2259;8.21;N\A;2010
311;Nomad: Megalo Box 2;40729;TV;13;24 min. per ep.;TMS Entertainment;Original;Action,Drama,Sci-Fi,Sports;N\A; R - 17+ (violence & profanity)  ;1206;8.20;N\A;2021
312;One Piece: Episode of Merry - Mou Hitori no Nakama no Monogatari;19123;Special;1;1 hr. 46 min.;Toei Animation;Manga;Action,Adventure,Comedy,Drama,Fantasy;N\A; PG-13 - Teens 13 or older  ;2525;8.20;Shounen;2013
313;Toaru Kagaku no Railgun T;38481;TV;25;24 min. per ep.;J.C.Staff;Manga;Action,Sci-Fi;N\A; R - 17+ (violence & profanity)  ;990;8.20;N\A;2020
314;Yoru wa Mijikashi Arukeyo Otome;34537;Movie;1;1 hr. 32 min.;Science SARU;Novel;Comedy,Romance;N\A; R+ - Mild Nudity  ;1679;8.20;N\A;2017
315;86;41457;TV;11;23 min. per ep.;A-1 Pictures;Light;Action,Drama,Sci-Fi;Mecha,Military; R - 17+ (violence & profanity)  ;404;8.20;N\A;2021
316;Bakuman.;7674;TV;25;24 min. per ep.;J.C.Staff;Manga;Comedy,Drama,Romance;N\A; PG-13 - Teens 13 or older  ;296;8.20;Shounen;2010
317;Berserk: Ougon Jidai-hen III - Kourin;12115;Movie;1;1 hr. 50 min.;Studio 4°C;Manga;Action,Adventure,Drama,Fantasy,Horror,Supernatural;Demons,Military; R+ - Mild Nudity  ;995;8.20;Seinen;2013
318;Bungou Stray Dogs 2nd Season;32867;TV;12;23 min. per ep.;Bones;Manga;Action,Mystery,Supernatural;N\A; R - 17+ (violence & profanity)  ;225;8.20;Seinen;2016
319;Cardcaptor Sakura Movie 2: Fuuin Sareta Card;372;Movie;1;1 hr. 22 min.;Madhouse;Manga;Comedy,Drama,Fantasy,Romance;N\A; PG - Children  ;1622;8.20;Shoujo;2000
320;Chihayafuru;10800;TV;25;22 min. per ep.;Madhouse;Manga;Drama,Slice of Life,Sports;Game,School; PG-13 - Teens 13 or older  ;430;8.20;Josei;2011
321;Douluo Dalu: Haishen Zhi Guang;48631;ONA;13;21 min. per ep.;Sparkly Key Animation Studio;Novel;Action,Adventure,Fantasy,Romance;Historical,Martial Arts; PG-13 - Teens 13 or older  ;7889;8.20;N\A;2021
322;Fate/stay night Movie: Heaven's Feel - I. Presage Flower;25537;Movie;1;2 hr.;ufotable;Visual;Action,Fantasy,Supernatural;N\A; R - 17+ (violence & profanity)  ;479;8.20;N\A;2017
323;Asobi Asobase;37171;TV;12;23 min. per ep.;Lerche;Manga;N\A;N\A; PG-13 - Teens 13 or older  ;461;8.19;Seinen;2018
324;Ballroom e Youkoso;34636;TV;24;24 min. per ep.;Production I.G;Manga;Comedy,Drama,Romance,Sports;N\A; PG-13 - Teens 13 or older  ;663;8.19;Shounen;2017
325;Dr. Stone: Stone Wars;40852;TV;11;24 min. per ep.;TMS Entertainment;Manga;Adventure,Comedy,Sci-Fi;N\A; PG-13 - Teens 13 or older  ;180;8.19;Shounen;2021
326;Fate/stay night: Unlimited Blade Works;22297;TV;12;28 min. per ep.;ufotable;Visual;Action,Fantasy,Supernatural;N\A; R - 17+ (violence & profanity)  ;125;8.19;N\A;2014
327;Girls & Panzer Movie;18617;Movie;1;2 hr.;Actas;Original;N\A;Military,School; PG-13 - Teens 13 or older  ;1785;8.19;N\A;2015
328;Higurashi no Naku Koro ni Kai;1889;TV;24;24 min. per ep.;Studio Deen;Visual;Mystery,Supernatural,Suspense;N\A; R - 17+ (violence & profanity)  ;400;8.19;N\A;2007
329;Hunter x Hunter: Greed Island;138;OVA;8;22 min. per ep.;Nippon Animation;Manga;Action,Adventure,Fantasy;N\A; PG-13 - Teens 13 or older  ;1322;8.19;Shounen;2003
330;Liz to Aoi Tori;35677;Movie;1;1 hr. 30 min.;Kyoto Animation;Novel;N\A;Music,School; PG-13 - Teens 13 or older  ;1569;8.19;N\A;2018
331;Maison Ikkoku;1453;TV;96;25 min. per ep.;Studio Deen;Manga;Comedy,Drama,Romance,Slice of Life;N\A; R+ - Mild Nudity  ;2310;8.19;Seinen;1986
332;Non Non Biyori Repeat;23623;TV;12;23 min. per ep.;SILVER LINK.;Manga;Comedy,Slice of Life;N\A; PG-13 - Teens 13 or older  ;1038;8.19;Seinen;2015
333;Senki Zesshou Symphogear XV;32843;TV;13;23 min. per ep.;Satelight;Original;Action,Sci-Fi;N\A; PG-13 - Teens 13 or older  ;3229;8.19;N\A;2019
334;Shokugeki no Souma;28171;TV;24;25 min. per ep.;J.C.Staff;Manga;Gourmet,Ecchi;N\A; PG-13 - Teens 13 or older  ;52;8.19;Shounen;2015
335;Shoujo Shuumatsu Ryokou;35838;TV;12;23 min. per ep.;White Fox;Web;Adventure,Mystery,Sci-Fi,Slice of Life;N\A; PG-13 - Teens 13 or older  ;667;8.19;N\A;2017
336;Mo Dao Zu Shi Q;40435;ONA;30;5 min. per ep.;B.CMAY PICTURES;Novel;Comedy,Supernatural;N\A; PG-13 - Teens 13 or older  ;4446;8.18;N\A;2020
337;Noragami: Aragoto;30503;TV;13;24 min. per ep.;Bones;Manga;Action,Adventure,Comedy,Supernatural;N\A; PG-13 - Teens 13 or older  ;75;8.18;Shounen;2015
338;Shoujo Kakumei Utena;440;TV;39;23 min. per ep.;J.C.Staff;Original;Comedy,Drama,Fantasy,Mystery;N\A; PG-13 - Teens 13 or older  ;1006;8.18;Shoujo;1997
339;Tanoshii Muumin Ikka;2150;TV;78;24 min. per ep.;Telescreen;Book;Adventure,Comedy,Fantasy,Slice of Life;N\A; G - All Ages  ;3954;8.18;Kids;1990
340;Aria the Natural;962;TV;26;24 min. per ep.;Hal Film Maker;Manga;Fantasy,Sci-Fi,Slice of Life;N\A; G - All Ages  ;2094;8.18;Shounen;2006
341;Black Lagoon: The Second Barrage;1519;TV;12;24 min. per ep.;Madhouse;Manga;N\A;N\A; R - 17+ (violence & profanity)  ;386;8.18;Seinen;2006
342;Boku no Hero Academia 2nd Season;33486;TV;25;23 min. per ep.;Bones;Manga;Action,Comedy;School,Super Power; PG-13 - Teens 13 or older  ;14;8.18;Shounen;2017
343;Douluo Dalu: Qian Hua Xi Jin;42497;ONA;13;20 min. per ep.;Sparkly Key Animation Studio;Novel;Action,Adventure,Fantasy,Romance;Historical,Martial Arts; PG-13 - Teens 13 or older  ;6521;8.18;N\A;2020
344;Girls & Panzer: Saishuushou Part 3;39166;Movie;1;47 min.;Actas;Original;N\A;Military,School; PG-13 - Teens 13 or older  ;4569;8.18;N\A;2021
345;Kamisama Hajimemashita◎;25681;TV;12;23 min. per ep.;TMS Entertainment;Manga;Comedy,Fantasy,Romance,Supernatural;N\A; PG-13 - Teens 13 or older  ;557;8.18;Shoujo;2015
346;Death Parade;28223;TV;12;23 min. per ep.;Madhouse;Original;Drama,Mystery,Suspense;Game,Psychological; R - 17+ (violence & profanity)  ;48;8.17;N\A;2015
347;Detective Conan Movie 20: The Darkest Nightmare;32005;Movie;1;1 hr. 52 min.;TMS Entertainment;Manga;Action,Mystery;N\A; G - All Ages  ;3152;8.17;Shounen;2016
348;Digimon Adventure: Last Evolution Kizuna;38088;Movie;1;1 hr. 34 min.;Yumeta Company;Original;Action,Adventure,Comedy,Drama;N\A; PG-13 - Teens 13 or older  ;3223;8.17;N\A;2020
349;Hinamatsuri (TV);36296;TV;12;23 min. per ep.;feel.;Manga;Comedy,Sci-Fi,Slice of Life,Supernatural;N\A; PG-13 - Teens 13 or older  ;407;8.17;Seinen;2018
350;K-On!!;7791;TV;26;24 min. per ep.;Kyoto Animation;4-koma;Comedy,Slice of Life;Music,School; PG-13 - Teens 13 or older  ;257;8.17;N\A;2010
351;Kyoukai no Kanata Movie 2: I'll Be Here - Mirai-hen;28675;Movie;1;1 hr. 30 min.;Kyoto Animation;Light;Fantasy,Slice of Life,Supernatural;N\A; PG-13 - Teens 13 or older  ;823;8.17;N\A;2015
352;Major: Message;9890;OVA;1;24 min.;SynergySP;Manga;Comedy,Drama,Sports;N\A; PG-13 - Teens 13 or older  ;3518;8.17;Shounen;2010
353;Ouran Koukou Host Club;853;TV;26;23 min. per ep.;Bones;Manga;Comedy,Romance;Harem,School; PG-13 - Teens 13 or older  ;113;8.17;Shoujo;2006
354;Working!!!: Lord of the Takanashi;31715;Special;1;49 min.;A-1 Pictures;4-koma;Comedy,Romance,Slice of Life;N\A; PG-13 - Teens 13 or older  ;1763;8.17;Seinen;2016
355;Nisemonogatari;11597;TV;11;25 min. per ep.;Shaft;Light;Comedy,Mystery,Supernatural,Ecchi;N\A; R - 17+ (violence & profanity)  ;227;8.16;N\A;2012
356;One Piece Film: Z;12859;Movie;1;1 hr. 47 min.;Toei Animation;Manga;Action,Adventure,Comedy,Drama,Fantasy;N\A; PG-13 - Teens 13 or older  ;838;8.16;Shounen;2012
357;Ramayana: The Legend of Prince Rama;4921;Movie;1;2 hr. 15 min.;Nippon Ramayana Film Co.;Other;N\A;N\A; G - All Ages  ;6784;8.16;N\A;1992
358;Tengen Toppa Gurren Lagann Movie 1: Gurren-hen;4107;Movie;1;1 hr. 52 min.;Gainax;Original;Action,Comedy;N\A; PG-13 - Teens 13 or older  ;1253;8.16;N\A;2008
359;Vanitas no Karte Part 2;49114;TV;12;23 min. per ep.;Bones;Manga;N\A;Historical,Vampire; R - 17+ (violence & profanity)  ;1399;8.16;Shounen;2022
360;Akira;47;Movie;1;2 hr. 4 min.;Tokyo Movie Shinsha;Manga;Action,Adventure,Horror,Sci-Fi,Supernatural;N\A; R+ - Mild Nudity  ;210;8.16;Seinen;1988
361;Detective Conan;235;TV;Unknown;25 min.;TMS Entertainment;Manga;Adventure,Comedy,Mystery;N\A; PG-13 - Teens 13 or older  ;602;8.16;Shounen;1996
362;Gankutsuou;239;TV;24;24 min. per ep.;Gonzo;Novel;Drama,Mystery,Sci-Fi,Supernatural,Suspense;N\A; R - 17+ (violence & profanity)  ;849;8.16;N\A;2004
363;Given Movie;40421;Movie;1;59 min.;Lerche;Manga;Boys Love,Drama,Romance,Slice of Life;N\A; PG-13 - Teens 13 or older  ;1141;8.16;N\A;2020
364;Kaguya-sama wa Kokurasetai: Ultra Romantic Teaser PV - Ishigami Yuu wa Kataritai;50325;Special;1;9 min.;A-1 Pictures;Manga;N\A;N\A; PG-13 - Teens 13 or older  ;3474;8.16;N\A;2021
365;Lupin III: Part 5;35857;TV;24;22 min. per ep.;Telecom Animation Film;Manga;Action,Adventure,Comedy,Mystery;N\A; PG-13 - Teens 13 or older  ;3029;8.16;Seinen;2018
366;Cardcaptor Sakura;232;TV;70;25 min. per ep.;Madhouse;Manga;Adventure,Comedy,Drama,Fantasy,Romance;N\A; PG - Children  ;457;8.15;Shoujo;1998
367;Dragon Ball Z;813;TV;291;24 min. per ep.;Toei Animation;Manga;Action,Adventure,Comedy,Fantasy;Martial Arts,Super Power; PG-13 - Teens 13 or older  ;99;8.15;Shounen;1989
368;Eizouken ni wa Te wo Dasu na!;39792;TV;12;25 min. per ep.;Science SARU;Manga;Adventure,Comedy;N\A; PG-13 - Teens 13 or older  ;680;8.15;Seinen;2020
369;Given: Uragawa no Sonzai;49053;OVA;1;22 min.;Lerche;Manga;Boys Love,Drama,Romance,Slice of Life;N\A; PG-13 - Teens 13 or older  ;2469;8.15;N\A;2021
370;Kaiba;3701;TV;12;24 min. per ep.;Madhouse;Original;Adventure,Mystery,Romance,Sci-Fi;N\A; R+ - Mild Nudity  ;1359;8.15;N\A;2008
371;Katekyo Hitman Reborn!;1604;TV;203;24 min. per ep.;Artland;Manga;Action,Comedy;N\A; PG-13 - Teens 13 or older  ;334;8.15;Shounen;2006
372;Lupin III: Cagliostro no Shiro;1430;Movie;1;1 hr. 39 min.;Tokyo Movie Shinsha;Manga;Action,Adventure,Comedy,Mystery;N\A; PG-13 - Teens 13 or older  ;1687;8.15;Seinen;1979
373;Nodame Cantabile: Paris-hen;4477;TV;11;23 min. per ep.;J.C.Staff;Manga;Comedy,Romance,Slice of Life;N\A; PG-13 - Teens 13 or older  ;1485;8.15;Josei;2008
374;Seirei no Moribito;1827;TV;26;25 min. per ep.;Production I.G;Novel;Action,Adventure,Fantasy;N\A; PG-13 - Teens 13 or older  ;953;8.15;N\A;2007
375;Toki wo Kakeru Shoujo;2236;Movie;1;1 hr. 38 min.;Madhouse;Novel;Drama,Romance,Sci-Fi;N\A; G - All Ages  ;205;8.14;N\A;2006
376;Tonikaku Kawaii: SNS;44931;OVA;1;23 min.;Seven Arcs;Manga;Comedy,Romance;N\A; PG-13 - Teens 13 or older  ;1821;8.14;Shounen;2021
377;5-toubun no Hanayome ∬;39783;TV;12;24 min. per ep.;Bibury Animation Studios;Manga;Comedy,Romance;Harem,School; PG-13 - Teens 13 or older  ;342;8.14;Shounen;2021
378;Haikyuu!! Movie 4: Concept no Tatakai;35111;Movie;1;1 hr. 28 min.;Production I.G;Manga;Comedy,Drama,Sports;N\A; PG-13 - Teens 13 or older  ;2318;8.14;Shounen;2017
379;IDOLiSH7: Second Beat!;37962;TV;15;24 min. per ep.;TROYCA;Game;N\A;N\A; PG-13 - Teens 13 or older  ;3864;8.14;N\A;2020
380;Initial D Fourth Stage;18;TV;24;27 min. per ep.;A.C.G.T.;Manga;Action,Drama,Sports;N\A; PG-13 - Teens 13 or older  ;1248;8.14;Seinen;2004
381;Initial D Second Stage;186;TV;13;23 min. per ep.;Pastel;Manga;Action,Drama,Sports;N\A; PG-13 - Teens 13 or older  ;1072;8.14;Seinen;1999
382;Made in Abyss Movie 1: Tabidachi no Yoake;37514;Movie;1;1 hr. 59 min.;Kinema Citrus;Web;Adventure,Drama,Fantasy,Mystery,Sci-Fi;N\A; R - 17+ (violence & profanity)  ;1860;8.14;N\A;2019
383;Mahou Shoujo Lyrical Nanoha: The Movie 2nd A's;10153;Movie;1;2 hr. 29 min.;Seven Arcs;Original;Action,Comedy,Drama,Sci-Fi;N\A; R+ - Mild Nudity  ;3942;8.14;N\A;2012
384;Chuunibyou demo Koi ga Shitai! Movie: Take On Me;35608;Movie;1;1 hr. 33 min.;Kyoto Animation;Light;Comedy,Drama,Romance,Slice of Life;N\A; PG-13 - Teens 13 or older  ;864;8.13;N\A;2018
385;Durarara!!;6746;TV;24;24 min. per ep.;Brain's Base;Light;Action,Mystery,Supernatural;N\A; R - 17+ (violence & profanity)  ;76;8.13;N\A;2010
386;Ginga Eiyuu Densetsu Gaiden;3371;OVA;24;26 min. per ep.;Artland,Shaft,Mushi Production,Magic Bus;Novel;Action,Drama,Sci-Fi;Military,Space; R+ - Mild Nudity  ;4017;8.13;N\A;1998
387;Honzuki no Gekokujou: Shisho ni Naru Tame ni wa Shudan wo Erandeiraremasen 2nd Season;40815;TV;12;23 min. per ep.;Ajia-Do;Light;Fantasy,Slice of Life;N\A; PG-13 - Teens 13 or older  ;1324;8.13;N\A;2020
388;Kamisama Hajimemashita: Kamisama, Shiawase ni Naru;33323;OVA;1;12 min.;TMS Entertainment;Manga;Comedy,Fantasy,Romance,Supernatural;N\A; PG-13 - Teens 13 or older  ;2507;8.13;Shoujo;2016
389;Kono Subarashii Sekai ni Shukufuku wo!;30831;TV;10;23 min. per ep.;Studio Deen;Light;Adventure,Comedy,Fantasy,Supernatural;N\A; PG-13 - Teens 13 or older  ;36;8.13;N\A;2016
390;One Piece Film: Strong World;4155;Movie;1;1 hr. 55 min.;Toei Animation;Manga;Action,Adventure,Comedy,Drama,Fantasy;N\A; PG-13 - Teens 13 or older  ;919;8.13;Shounen;2009
391;One Piece: Episode of Nami - Koukaishi no Namida to Nakama no Kizuna;15323;Special;1;1 hr. 46 min.;Toei Animation;Manga;Action,Adventure,Comedy,Drama,Fantasy;N\A; PG-13 - Teens 13 or older  ;2327;8.13;Shounen;2012
392;Quanzhi Gaoshou Zhi Dianfeng Rongyao;40080;Movie;1;1 hr. 37 min.;Colored Pencil Animation;Novel;N\A;N\A; PG-13 - Teens 13 or older  ;2965;8.13;N\A;2019
393;Tensei shitara Slime Datta Ken;37430;TV;24;23 min. per ep.;8bit;Manga;Action,Adventure,Comedy,Fantasy;N\A; PG-13 - Teens 13 or older  ;91;8.13;N\A;2018
394;Yuukoku no Moriarty;40911;TV;11;23 min. per ep.;Production I.G;Manga;Mystery,Suspense;Historical,Psychological; R - 17+ (violence & profanity)  ;648;8.13;Shounen;2020
395;Mobile Suit Gundam 00;2581;TV;25;24 min. per ep.;Sunrise;Original;Action,Drama,Sci-Fi;Mecha,Military,Space; R - 17+ (violence & profanity)  ;942;8.12;N\A;2007
396;Mobile Suit Gundam Unicorn;6336;OVA;7;1 hr. 2 min. per ep.;Sunrise;Novel;Action,Drama,Sci-Fi;Mecha,Military,Space; PG-13 - Teens 13 or older  ;1844;8.12;N\A;2010
397;No Game No Life;19815;TV;12;23 min. per ep.;Madhouse;Light;Adventure,Comedy,Fantasy,Supernatural,Ecchi;N\A; PG-13 - Teens 13 or older  ;15;8.12;N\A;2014
398;Princess Tutu;721;TV;38;16 min. per ep.;Hal Film Maker;Original;Comedy,Drama,Fantasy,Mystery,Romance;N\A; PG-13 - Teens 13 or older  ;1250;8.12;N\A;2002
399;Sakura-sou no Pet na Kanojo;13759;TV;24;23 min. per ep.;J.C.Staff;Light;Comedy,Drama,Romance,Slice of Life;N\A; PG-13 - Teens 13 or older  ;90;8.12;N\A;2012
400;Shokugeki no Souma: Ni no Sara;32282;TV;13;24 min. per ep.;J.C.Staff;Manga;Gourmet,Ecchi;N\A; PG-13 - Teens 13 or older  ;112;8.12;Shounen;2016
401;Toradora!;4224;TV;25;24 min. per ep.;J.C.Staff;Light;Comedy,Romance,Slice of Life;N\A; PG-13 - Teens 13 or older  ;18;8.12;N\A;2008
402;Detective Conan Movie 05: Countdown to Heaven;1364;Movie;1;1 hr. 40 min.;TMS Entertainment;Manga;Adventure,Comedy,Mystery;N\A; PG-13 - Teens 13 or older  ;2436;8.12;Shounen;2001
403;Detective Conan Movie 14: The Lost Ship in the Sky;6467;Movie;1;1 hr. 42 min.;Tokyo Movie Shinsha;Manga;Action,Mystery;N\A; G - All Ages  ;2585;8.12;Shounen;2010
404;Detroit Metal City;3702;OVA;12;13 min. per ep.;Studio 4°C;Manga;N\A;N\A; R - 17+ (violence & profanity)  ;974;8.12;Seinen;2008
405;Douluo Dalu: Jingying Sai;37822;ONA;52;20 min. per ep.;Sparkly Key Animation Studio;Novel;Action,Adventure,Fantasy,Supernatural;Historical,Martial Arts; PG-13 - Teens 13 or older  ;4820;8.12;N\A;2018
406;Dragon Ball Super: Broly;36946;Movie;1;1 hr. 40 min.;Toei Animation;Manga;Action,Adventure,Fantasy;Martial Arts,Super Power; PG-13 - Teens 13 or older  ;606;8.12;Shounen;2018
407;Fullmetal Alchemist;121;TV;51;24 min. per ep.;Bones;Manga;Action,Adventure,Comedy,Drama,Fantasy;N\A; R - 17+ (violence & profanity)  ;67;8.12;Shounen;2003
408;Koukaku Kidoutai: Stand Alone Complex - Solid State Society;1566;Special;1;1 hr. 48 min.;Production I.G;Manga;Mystery,Sci-Fi;Mecha,Military,Police; R - 17+ (violence & profanity)  ;1783;8.12;Seinen;2006
409;Kuragehime;8129;TV;11;22 min. per ep.;Brain's Base;Manga;Comedy,Slice of Life;N\A; PG-13 - Teens 13 or older  ;907;8.12;Josei;2010
410;Mahoutsukai no Yome: Hoshi Matsu Hito;32902;OVA;3;23 min. per ep.;Wit Studio;Manga;Fantasy,Slice of Life;N\A; PG-13 - Teens 13 or older  ;760;8.12;Shounen;2016
411;Baccano! Specials;3901;Special;3;29 min. per ep.;Brain's Base;Light;Action,Comedy,Mystery,Supernatural;N\A; R - 17+ (violence & profanity)  ;1114;8.11;N\A;2008
412;Boku no Hero Academia 3rd Season;36456;TV;25;23 min. per ep.;Bones;Manga;Action,Comedy;School,Super Power; PG-13 - Teens 13 or older  ;25;8.11;Shounen;2018
413;Diamond no Ace;18689;TV;75;24 min. per ep.;Production I.G,Madhouse;Manga;Comedy,Sports;N\A; PG-13 - Teens 13 or older  ;883;8.11;Shounen;2013
414;Douluo Dalu: Hao Tian Yang Wei;42496;ONA;13;20 min. per ep.;Sparkly Key Animation Studio;Novel;Action,Adventure,Fantasy,Supernatural;Historical,Martial Arts; PG-13 - Teens 13 or older  ;6463;8.11;N\A;2019
415;Gintama': Futon ni Haitte kara Buki Nokoshi ni Kizuite Neru ni Nerenai Toki mo Aru;25313;Special;1;24 min.;Sunrise;Manga;Action,Comedy,Sci-Fi;Historical,Parody,Samurai; PG-13 - Teens 13 or older  ;3104;8.11;Shounen;2015
416;Gintama°: Umai-mono wa Atomawashi ni Suru to Yokodorisareru kara Yappari Saki ni Kue;32122;Special;1;12 min.;Bandai Namco Pictures;Manga;Action,Comedy;Historical,Parody,Samurai; PG-13 - Teens 13 or older  ;3404;8.11;Shounen;2015
417;Kanata no Astra;39198;TV;12;28 min. per ep.;Lerche;Manga;Adventure,Mystery,Sci-Fi;N\A; PG-13 - Teens 13 or older  ;747;8.11;Shounen;2019
418;Saiki Kusuo no Ψ-nan: Ψ-shidou-hen;40542;ONA;6;22 min. per ep.;J.C.Staff,Egg Firm;Manga;Comedy,Slice of Life,Supernatural;N\A; PG-13 - Teens 13 or older  ;1100;8.11;Shounen;2019
419;Tsubasa: Shunraiki;4938;OVA;2;29 min. per ep.;Production I.G;Unknown;Action,Adventure,Drama,Fantasy,Mystery,Romance,Supernatural;N\A; R - 17+ (violence & profanity)  ;2362;8.11;Shounen;2009
420;Tsukimonogatari;28025;TV;4;26 min. per ep.;Shaft;Light;Comedy,Mystery,Supernatural,Ecchi;N\A; R - 17+ (violence & profanity)  ;474;8.11;N\A;2014
421;Uchouten Kazoku 2;34076;TV;12;23 min. per ep.;P.A. Works;Novel;Comedy,Drama,Fantasy,Slice of Life;N\A; PG-13 - Teens 13 or older  ;2390;8.11;N\A;2017
422;Zankyou no Terror;23283;TV;11;22 min. per ep.;MAPPA;Original;Mystery,Suspense;N\A; R - 17+ (violence & profanity)  ;110;8.11;N\A;2014
423;Mobile Suit Gundam: The Origin - Advent of the Red Comet;39592;TV;13;25 min. per ep.;Sunrise;Manga;Action,Sci-Fi;Mecha,Military,Space; PG-13 - Teens 13 or older  ;4527;8.10;Shounen;2019
424;Natsume Yuujinchou: Ishi Okoshi to Ayashiki Raihousha;42894;Movie;1;51 min.;Shuka;Manga;Drama,Slice of Life,Supernatural;N\A; PG-13 - Teens 13 or older  ;3721;8.10;Shoujo;2021
425;Tamayura: Sotsugyou Shashin Part 4 - Ashita;29831;Movie;1;57 min.;TYO Animations;Original;Comedy,Drama,Slice of Life;N\A; G - All Ages  ;5522;8.10;N\A;2016
426;Tsuki ga Kirei;34822;TV;12;24 min. per ep.;feel.;Original;N\A;N\A; PG-13 - Teens 13 or older  ;373;8.10;N\A;2017
427;Ansatsu Kyoushitsu;24833;TV;22;23 min. per ep.;Lerche;Manga;Action,Comedy;N\A; PG-13 - Teens 13 or older  ;34;8.10;Shounen;2015
428;Black Clover;34572;TV;170;23 min. per ep.;Studio Pierrot;Manga;Action,Comedy,Fantasy;N\A; PG-13 - Teens 13 or older  ;74;8.10;Shounen;2017
429;Ginga Eiyuu Densetsu: Arata Naru Tatakai no Overture;3016;Movie;1;1 hr. 30 min.;Kitty Films,Magic Bus,Kitty Film Mitaka Studio;Novel;Action,Drama,Sci-Fi;Military,Space; PG-13 - Teens 13 or older  ;3384;8.10;N\A;1993
430;Ginga Eiyuu Densetsu: Die Neue These - Seiran 2;36370;Movie;4;25 min. per ep.;Production I.G;Novel;Action,Drama,Sci-Fi;Military,Space; R - 17+ (violence & profanity)  ;4270;8.10;N\A;2019
431;Hyouka;12189;TV;22;25 min. per ep.;Kyoto Animation;Novel;Mystery,Slice of Life;N\A; PG-13 - Teens 13 or older  ;86;8.10;N\A;2012
432;JoJo no Kimyou na Bouken Part 3: Stardust Crusaders;20899;TV;24;24 min. per ep.;David Production;Manga;Action,Adventure,Drama,Supernatural;N\A; R - 17+ (violence & profanity)  ;115;8.10;Shounen;2014
433;Kaze Tachinu;16662;Movie;1;2 hr. 6 min.;Studio Ghibli;Manga;Drama,Romance;N\A; PG-13 - Teens 13 or older  ;708;8.10;N\A;2013
434;Komi-san wa, Comyushou desu.;48926;TV;12;23 min. per ep.;OLM;Manga;Comedy,Slice of Life;N\A; PG-13 - Teens 13 or older  ;308;8.10;Shounen;2021
435;Kuroko no Basket: Saikou no Present Desu;31051;Special;1;23 min.;Production I.G;Manga;Action,Sports;N\A; PG-13 - Teens 13 or older  ;1838;8.10;Shounen;2015
436;Akatsuki no Yona OVA;30370;OVA;3;23 min. per ep.;Studio Pierrot;Manga;Action,Comedy,Fantasy;N\A; PG-13 - Teens 13 or older  ;1481;8.09;Shoujo;2015
437;Angel Beats!;6547;TV;13;24 min. per ep.;P.A. Works;Original;Action,Comedy,Drama,Supernatural;N\A; PG-13 - Teens 13 or older  ;23;8.09;N\A;2010
438;Douluo Dalu: Shan Yu Yu Lai;49063;ONA;13;21 min. per ep.;Sparkly Key Animation Studio;Novel;Action,Adventure,Fantasy,Romance;Historical,Martial Arts; PG-13 - Teens 13 or older  ;8360;8.09;N\A;2021
439;Fate/Grand Order: Shuukyoku Tokuiten - Kani Jikan Shinden Solomon;41497;Movie;1;1 hr. 34 min.;CloverWorks;Game;Action,Fantasy,Supernatural;N\A; PG-13 - Teens 13 or older  ;2766;8.09;N\A;2021
440;Gin no Saji;16918;TV;11;23 min. per ep.;A-1 Pictures;Manga;Comedy,Slice of Life;N\A; PG-13 - Teens 13 or older  ;717;8.09;Shounen;2013
441;Haikyuu!! Movie 3: Sainou to Sense;35110;Movie;1;1 hr. 29 min.;Production I.G;Manga;Comedy,Drama,Sports;N\A; PG-13 - Teens 13 or older  ;2263;8.09;Shounen;2017
442;Hajime no Ippo: Boxer no Kobushi;12069;Special;1;23 min.;Madhouse;Manga;Comedy,Drama,Sports;N\A; PG-13 - Teens 13 or older  ;2726;8.09;Shounen;2003
443;Karakai Jouzu no Takagi-san 2;38993;TV;12;23 min. per ep.;Shin-Ei Animation;Manga;Comedy,Romance,Slice of Life;N\A; PG-13 - Teens 13 or older  ;713;8.09;Shounen;2019
444;Koukaku Kidoutai: Stand Alone Complex - The Laughing Man;2449;Special;1;2 hr. 40 min.;Production I.G;Manga;Action,Mystery,Sci-Fi;Mecha,Police,Psychological; R - 17+ (violence & profanity)  ;3024;8.09;Seinen;2005
445;Mairimashita! Iruma-kun 2nd Season;41402;TV;21;24 min. per ep.;Bandai Namco Pictures;Manga;Comedy,Fantasy,Supernatural;Demons,School; PG-13 - Teens 13 or older  ;977;8.09;Shounen;2021
446;Mirai Shounen Conan;302;TV;26;29 min. per ep.;Nippon Animation;Novel;Adventure,Drama,Sci-Fi;N\A; PG-13 - Teens 13 or older  ;2816;8.09;N\A;1978
447;Mobile Suit Gundam 00 Second Season;3927;TV;25;24 min. per ep.;Sunrise;Original;Action,Drama,Sci-Fi;Mecha,Military,Space; R - 17+ (violence & profanity)  ;1319;8.09;N\A;2008
448;Saint Seiya: The Lost Canvas - Meiou Shinwa 2;9130;OVA;13;24 min. per ep.;TMS Entertainment;Manga;Action,Adventure,Supernatural;Martial Arts,Super Power; PG-13 - Teens 13 or older  ;2174;8.09;Shounen;2011
449;Skip Beat!;4722;TV;25;24 min. per ep.;Hal Film Maker;Manga;Comedy,Drama,Romance;N\A; PG-13 - Teens 13 or older  ;773;8.09;Shoujo;2008
450;World Trigger 2nd Season;40907;TV;12;23 min. per ep.;Toei Animation;Manga;Action,Sci-Fi,Supernatural;N\A; PG-13 - Teens 13 or older  ;1648;8.09;Shounen;2021
451;Stand By Me Doraemon;21469;Movie;1;1 hr. 34 min.;Shirogumi,Shin-Ei Animation;Manga;Comedy,Sci-Fi;N\A; PG - Children  ;2791;8.08;N\A;2014
452;Yowamushi Pedal: Grande Road;24277;TV;24;23 min. per ep.;TMS Entertainment;Manga;Comedy,Drama,Sports;N\A; PG-13 - Teens 13 or older  ;1437;8.08;Shounen;2014
453;Darker than Black: Kuro no Keiyakusha;2025;TV;25;24 min. per ep.;Bones;Original;Action,Mystery,Sci-Fi;N\A; R - 17+ (violence & profanity)  ;145;8.08;N\A;2007
454;Detective Conan Movie 18: The Sniper from Another Dimension;21419;Movie;1;1 hr. 50 min.;TMS Entertainment;Manga;Action,Mystery;N\A; PG-13 - Teens 13 or older  ;3046;8.08;Shounen;2014
455;Gintama: Nanigoto mo Saiyo ga Kanjin nano de Tasho Senobisuru Kurai ga Choudoyoi;2951;Special;1;32 min.;Sunrise;Manga;Action,Comedy,Sci-Fi;Historical,Mecha,Parody,Samurai; PG-13 - Teens 13 or older  ;2546;8.08;Shounen;2005
456;Hikaru no Go;135;TV;75;23 min. per ep.;Studio Pierrot;Manga;Comedy,Supernatural;N\A; PG-13 - Teens 13 or older  ;1425;8.08;Shounen;2001
457;Hololive Alternative;47904;ONA;1;1 min.;Hololive Production;Other;N\A;N\A; G - All Ages  ;6986;8.08;N\A;2021
458;Initial D Fifth Stage;15059;TV;14;27 min. per ep.;SynergySP;Manga;Action,Drama,Sports;N\A; PG-13 - Teens 13 or older  ;1474;8.08;Seinen;2012
459;Kuroko no Basket;11771;TV;25;24 min. per ep.;Production I.G;Manga;Comedy,Sports;N\A; PG-13 - Teens 13 or older  ;107;8.08;Shounen;2012
460;Kuroko no Basket Movie 4: Last Game;31658;Movie;1;1 hr. 30 min.;Production I.G;Manga;N\A;N\A; PG-13 - Teens 13 or older  ;798;8.08;Shounen;2017
461;Kuroshitsuji: Book of Circus;22145;TV;10;24 min. per ep.;A-1 Pictures;Manga;Action,Comedy,Mystery,Supernatural;Demons,Historical; R - 17+ (violence & profanity)  ;497;8.08;Shounen;2014
462;Dennou Coil;2164;TV;26;25 min. per ep.;Madhouse;Original;Adventure,Comedy,Drama,Mystery,Sci-Fi;N\A; G - All Ages  ;1346;8.07;N\A;2007
463;Detective Conan Movie 08: Magician of the Silver Sky;1367;Movie;1;1 hr. 48 min.;TMS Entertainment;Manga;Adventure,Comedy,Mystery;N\A; PG-13 - Teens 13 or older  ;2580;8.07;Shounen;2004
464;Dorohedoro;38668;TV;12;23 min. per ep.;MAPPA;Manga;Action,Comedy,Fantasy,Horror;N\A; R - 17+ (violence & profanity)  ;421;8.07;Seinen;2020
465;Durarara!!x2 Ketsu;27833;TV;12;24 min. per ep.;Shuka;Light;Action,Mystery,Supernatural;N\A; R - 17+ (violence & profanity)  ;523;8.07;N\A;2016
466;Ginga Eiyuu Densetsu Gaiden (1999);3665;OVA;28;26 min. per ep.;Artland,Magic Bus;Novel;Action,Drama,Sci-Fi;Military,Space; R - 17+ (violence & profanity)  ;4317;8.07;N\A;1999
467;Gintama: Dai Hanseikai;10643;Special;1;14 min.;Sunrise;Manga;Action,Comedy;Parody,Samurai; PG-13 - Teens 13 or older  ;3205;8.07;N\A;2010
468;Girls & Panzer: Saishuushou Part 2;38081;Movie;1;54 min.;Actas;Original;N\A;Military,School; PG-13 - Teens 13 or older  ;3635;8.07;N\A;2019
469;Glass no Kamen (2005);1974;TV;51;25 min. per ep.;Tokyo Movie Shinsha;Manga;N\A;N\A; G - All Ages  ;3135;8.07;Shoujo;2005
470;Gosick;8425;TV;24;24 min. per ep.;Bones;Light;Drama,Mystery,Romance;N\A; R - 17+ (violence & profanity)  ;353;8.07;N\A;2011
471;Hidamari Sketch: Sae Hiro Sotsugyou-hen;17739;OVA;2;23 min. per ep.;Shaft;4-koma;Comedy,Slice of Life;N\A; PG-13 - Teens 13 or older  ;5026;8.07;Seinen;2013
472;Kamisama Hajimemashita;14713;TV;13;24 min. per ep.;TMS Entertainment;Manga;Comedy,Fantasy,Romance,Supernatural;N\A; PG-13 - Teens 13 or older  ;306;8.07;Shoujo;2012
473;Koukyoushihen Eureka Seven;237;TV;50;24 min. per ep.;Bones;Original;Adventure,Drama,Romance,Sci-Fi;N\A; PG-13 - Teens 13 or older  ;431;8.07;N\A;2005
474;Kuroshitsuji: Book of Murder;23317;OVA;2;58 min. per ep.;A-1 Pictures;Manga;Action,Comedy,Mystery,Supernatural;Demons,Historical; R - 17+ (violence & profanity)  ;873;8.07;Shounen;2015
475;Mahoutsukai no Yome;35062;TV;24;24 min. per ep.;Wit Studio;Manga;Fantasy,Slice of Life;N\A; PG-13 - Teens 13 or older  ;172;8.07;Shounen;2017
476;Omoide no Marnie;21557;Movie;1;1 hr. 42 min.;Studio Ghibli;Novel;Drama,Mystery;N\A; G - All Ages  ;781;8.07;N\A;2014
477;Shijou Saikyou no Deshi Kenichi;1559;TV;50;25 min. per ep.;TMS Entertainment;Manga;Action,Comedy;Martial Arts,School; PG-13 - Teens 13 or older  ;690;8.07;Shounen;2006
478;Yuusha-Ou GaoGaiGar Final;1382;OVA;8;32 min. per ep.;Sunrise;Unknown;Adventure,Drama,Sci-Fi;N\A; PG-13 - Teens 13 or older  ;5741;8.07;Shounen;2000
479;Pui Pui Molcar;44235;TV;12;2 min. per ep.;Shin-Ei Animation;Other;N\A;N\A; G - All Ages  ;5485;8.06;Kids;2021
480;Serial Experiments Lain;339;TV;13;23 min. per ep.;Triangle Staff;Original;Avant Garde,Drama,Mystery,Sci-Fi,Supernatural;N\A; R - 17+ (violence & profanity)  ;254;8.06;N\A;1998
481;xxxHOLiC: Shunmuki;4918;OVA;2;26 min. per ep.;Production I.G;Manga;Comedy,Drama,Mystery,Supernatural;N\A; PG-13 - Teens 13 or older  ;2232;8.06;N\A;2009
482;City Hunter 2;1471;TV;63;25 min. per ep.;Sunrise;Manga;Action,Comedy,Mystery;N\A; PG-13 - Teens 13 or older  ;3895;8.06;Shounen;1988
483;Fate/stay night: Unlimited Blade Works Prologue;27821;Special;1;51 min.;ufotable;Visual;Action,Fantasy,Supernatural;N\A; PG-13 - Teens 13 or older  ;653;8.06;N\A;2014
484;Detective Conan Movie 10: Requiem of the Detectives;1506;Movie;1;1 hr. 51 min.;TMS Entertainment;Manga;Adventure,Comedy,Mystery;N\A; PG-13 - Teens 13 or older  ;2599;8.05;Shounen;2006
485;Full Metal Panic? Fumoffu;72;TV;12;24 min. per ep.;Kyoto Animation;Light;Action,Comedy;N\A; PG-13 - Teens 13 or older  ;676;8.05;N\A;2003
486;Kill la Kill;18679;TV;24;24 min. per ep.;Trigger;Original;Action,Comedy,Ecchi;School,Super Power; PG-13 - Teens 13 or older  ;47;8.05;N\A;2013
487;Kodomo no Omocha (TV);1486;TV;102;22 min. per ep.;Gallop;Manga;Comedy,Drama,Romance;N\A; PG-13 - Teens 13 or older  ;2369;8.05;Shoujo;1996
488;Kyou kara Ore wa!!;851;OVA;10;43 min. per ep.;Studio Pierrot;Manga;N\A;N\A; R - 17+ (violence & profanity)  ;3494;8.05;Shounen;1992
489;Paprika;1943;Movie;1;1 hr. 30 min.;Madhouse;Novel;Avant Garde,Fantasy,Horror,Mystery,Sci-Fi,Suspense;N\A; R+ - Mild Nudity  ;384;8.05;N\A;2006
490;Saint Seiya: Meiou Hades Juuni Kyuu-hen;1257;OVA;13;25 min. per ep.;Toei Animation;Manga;Adventure,Sci-Fi;N\A; PG-13 - Teens 13 or older  ;2538;8.05;Shounen;2002
491;Shokugeki no Souma: San no Sara;35788;TV;12;24 min. per ep.;J.C.Staff;Manga;Gourmet,Ecchi;N\A; PG-13 - Teens 13 or older  ;147;8.05;Shounen;2017
492;Summer Wars;5681;Movie;1;1 hr. 54 min.;Madhouse;Original;Comedy,Sci-Fi;N\A; PG-13 - Teens 13 or older  ;361;8.05;N\A;2009
493;Yahari Ore no Seishun Love Comedy wa Machigatteiru. Zoku OVA;33161;OVA;1;23 min.;feel.;Light;Comedy,Romance;N\A; PG-13 - Teens 13 or older  ;908;8.05;N\A;2016
494;Mobile Suit Gundam: Iron-Blooded Orphans;31251;TV;25;24 min. per ep.;Sunrise;Original;Action,Drama,Sci-Fi;Mecha,Space; R - 17+ (violence & profanity)  ;955;8.04;N\A;2015
